age_CE,varve_thick,ref,lat,lon,lake_name
2012,11.62,"Boes, E., Van Daele, M., Moernaut, J., Schmidt, S., Jensen, B.J.L., Praet, N., Kaufman, D., Haeussler, P., Loso, M.G., De Batist, M., 2017. Varve formation during the past three centuries in three large proglacial lakes in south-central Alaska. GSA Bulletin 130, 757–774. Available at: https://doi.org/10.1130/B31792.1
",60.3917,-149.6019,Kenai
2011,10.55,"Boes, E., Van Daele, M., Moernaut, J., Schmidt, S., Jensen, B.J.L., Praet, N., Kaufman, D., Haeussler, P., Loso, M.G., De Batist, M., 2017. Varve formation during the past three centuries in three large proglacial lakes in south-central Alaska. GSA Bulletin 130, 757–774. Available at: https://doi.org/10.1130/B31792.1
",60.3917,-149.6019,Kenai
2010,5.9,"Boes, E., Van Daele, M., Moernaut, J., Schmidt, S., Jensen, B.J.L., Praet, N., Kaufman, D., Haeussler, P., Loso, M.G., De Batist, M., 2017. Varve formation during the past three centuries in three large proglacial lakes in south-central Alaska. GSA Bulletin 130, 757–774. Available at: https://doi.org/10.1130/B31792.1
",60.3917,-149.6019,Kenai
2009,7.73,"Boes, E., Van Daele, M., Moernaut, J., Schmidt, S., Jensen, B.J.L., Praet, N., Kaufman, D., Haeussler, P., Loso, M.G., De Batist, M., 2017. Varve formation during the past three centuries in three large proglacial lakes in south-central Alaska. GSA Bulletin 130, 757–774. Available at: https://doi.org/10.1130/B31792.1
",60.3917,-149.6019,Kenai
2008,21.82,"Boes, E., Van Daele, M., Moernaut, J., Schmidt, S., Jensen, B.J.L., Praet, N., Kaufman, D., Haeussler, P., Loso, M.G., De Batist, M., 2017. Varve formation during the past three centuries in three large proglacial lakes in south-central Alaska. GSA Bulletin 130, 757–774. Available at: https://doi.org/10.1130/B31792.1
",60.3917,-149.6019,Kenai
2007,38.65,"Boes, E., Van Daele, M., Moernaut, J., Schmidt, S., Jensen, B.J.L., Praet, N., Kaufman, D., Haeussler, P., Loso, M.G., De Batist, M., 2017. Varve formation during the past three centuries in three large proglacial lakes in south-central Alaska. GSA Bulletin 130, 757–774. Available at: https://doi.org/10.1130/B31792.1
",60.3917,-149.6019,Kenai
2006,17,"Boes, E., Van Daele, M., Moernaut, J., Schmidt, S., Jensen, B.J.L., Praet, N., Kaufman, D., Haeussler, P., Loso, M.G., De Batist, M., 2017. Varve formation during the past three centuries in three large proglacial lakes in south-central Alaska. GSA Bulletin 130, 757–774. Available at: https://doi.org/10.1130/B31792.1
",60.3917,-149.6019,Kenai
2005,16.99,"Boes, E., Van Daele, M., Moernaut, J., Schmidt, S., Jensen, B.J.L., Praet, N., Kaufman, D., Haeussler, P., Loso, M.G., De Batist, M., 2017. Varve formation during the past three centuries in three large proglacial lakes in south-central Alaska. GSA Bulletin 130, 757–774. Available at: https://doi.org/10.1130/B31792.1
",60.3917,-149.6019,Kenai
2004,35.36,"Boes, E., Van Daele, M., Moernaut, J., Schmidt, S., Jensen, B.J.L., Praet, N., Kaufman, D., Haeussler, P., Loso, M.G., De Batist, M., 2017. Varve formation during the past three centuries in three large proglacial lakes in south-central Alaska. GSA Bulletin 130, 757–774. Available at: https://doi.org/10.1130/B31792.1
",60.3917,-149.6019,Kenai
2003,31.17,"Boes, E., Van Daele, M., Moernaut, J., Schmidt, S., Jensen, B.J.L., Praet, N., Kaufman, D., Haeussler, P., Loso, M.G., De Batist, M., 2017. Varve formation during the past three centuries in three large proglacial lakes in south-central Alaska. GSA Bulletin 130, 757–774. Available at: https://doi.org/10.1130/B31792.1
",60.3917,-149.6019,Kenai
2002,27.76,"Boes, E., Van Daele, M., Moernaut, J., Schmidt, S., Jensen, B.J.L., Praet, N., Kaufman, D., Haeussler, P., Loso, M.G., De Batist, M., 2017. Varve formation during the past three centuries in three large proglacial lakes in south-central Alaska. GSA Bulletin 130, 757–774. Available at: https://doi.org/10.1130/B31792.1
",60.3917,-149.6019,Kenai
2001,11.65,"Boes, E., Van Daele, M., Moernaut, J., Schmidt, S., Jensen, B.J.L., Praet, N., Kaufman, D., Haeussler, P., Loso, M.G., De Batist, M., 2017. Varve formation during the past three centuries in three large proglacial lakes in south-central Alaska. GSA Bulletin 130, 757–774. Available at: https://doi.org/10.1130/B31792.1
",60.3917,-149.6019,Kenai
2000,7.46,"Boes, E., Van Daele, M., Moernaut, J., Schmidt, S., Jensen, B.J.L., Praet, N., Kaufman, D., Haeussler, P., Loso, M.G., De Batist, M., 2017. Varve formation during the past three centuries in three large proglacial lakes in south-central Alaska. GSA Bulletin 130, 757–774. Available at: https://doi.org/10.1130/B31792.1
",60.3917,-149.6019,Kenai
1999,9.7,"Boes, E., Van Daele, M., Moernaut, J., Schmidt, S., Jensen, B.J.L., Praet, N., Kaufman, D., Haeussler, P., Loso, M.G., De Batist, M., 2017. Varve formation during the past three centuries in three large proglacial lakes in south-central Alaska. GSA Bulletin 130, 757–774. Available at: https://doi.org/10.1130/B31792.1
",60.3917,-149.6019,Kenai
1998,8.35,"Boes, E., Van Daele, M., Moernaut, J., Schmidt, S., Jensen, B.J.L., Praet, N., Kaufman, D., Haeussler, P., Loso, M.G., De Batist, M., 2017. Varve formation during the past three centuries in three large proglacial lakes in south-central Alaska. GSA Bulletin 130, 757–774. Available at: https://doi.org/10.1130/B31792.1
",60.3917,-149.6019,Kenai
1997,15.3,"Boes, E., Van Daele, M., Moernaut, J., Schmidt, S., Jensen, B.J.L., Praet, N., Kaufman, D., Haeussler, P., Loso, M.G., De Batist, M., 2017. Varve formation during the past three centuries in three large proglacial lakes in south-central Alaska. GSA Bulletin 130, 757–774. Available at: https://doi.org/10.1130/B31792.1
",60.3917,-149.6019,Kenai
1996,20.88,"Boes, E., Van Daele, M., Moernaut, J., Schmidt, S., Jensen, B.J.L., Praet, N., Kaufman, D., Haeussler, P., Loso, M.G., De Batist, M., 2017. Varve formation during the past three centuries in three large proglacial lakes in south-central Alaska. GSA Bulletin 130, 757–774. Available at: https://doi.org/10.1130/B31792.1
",60.3917,-149.6019,Kenai
1995,43.35,"Boes, E., Van Daele, M., Moernaut, J., Schmidt, S., Jensen, B.J.L., Praet, N., Kaufman, D., Haeussler, P., Loso, M.G., De Batist, M., 2017. Varve formation during the past three centuries in three large proglacial lakes in south-central Alaska. GSA Bulletin 130, 757–774. Available at: https://doi.org/10.1130/B31792.1
",60.3917,-149.6019,Kenai
1994,9.97,"Boes, E., Van Daele, M., Moernaut, J., Schmidt, S., Jensen, B.J.L., Praet, N., Kaufman, D., Haeussler, P., Loso, M.G., De Batist, M., 2017. Varve formation during the past three centuries in three large proglacial lakes in south-central Alaska. GSA Bulletin 130, 757–774. Available at: https://doi.org/10.1130/B31792.1
",60.3917,-149.6019,Kenai
1993,19.08,"Boes, E., Van Daele, M., Moernaut, J., Schmidt, S., Jensen, B.J.L., Praet, N., Kaufman, D., Haeussler, P., Loso, M.G., De Batist, M., 2017. Varve formation during the past three centuries in three large proglacial lakes in south-central Alaska. GSA Bulletin 130, 757–774. Available at: https://doi.org/10.1130/B31792.1
",60.3917,-149.6019,Kenai
1992,14.31,"Boes, E., Van Daele, M., Moernaut, J., Schmidt, S., Jensen, B.J.L., Praet, N., Kaufman, D., Haeussler, P., Loso, M.G., De Batist, M., 2017. Varve formation during the past three centuries in three large proglacial lakes in south-central Alaska. GSA Bulletin 130, 757–774. Available at: https://doi.org/10.1130/B31792.1
",60.3917,-149.6019,Kenai
1991,7.94,"Boes, E., Van Daele, M., Moernaut, J., Schmidt, S., Jensen, B.J.L., Praet, N., Kaufman, D., Haeussler, P., Loso, M.G., De Batist, M., 2017. Varve formation during the past three centuries in three large proglacial lakes in south-central Alaska. GSA Bulletin 130, 757–774. Available at: https://doi.org/10.1130/B31792.1
",60.3917,-149.6019,Kenai
1990,30.31,"Boes, E., Van Daele, M., Moernaut, J., Schmidt, S., Jensen, B.J.L., Praet, N., Kaufman, D., Haeussler, P., Loso, M.G., De Batist, M., 2017. Varve formation during the past three centuries in three large proglacial lakes in south-central Alaska. GSA Bulletin 130, 757–774. Available at: https://doi.org/10.1130/B31792.1
",60.3917,-149.6019,Kenai
1989,30.39,"Boes, E., Van Daele, M., Moernaut, J., Schmidt, S., Jensen, B.J.L., Praet, N., Kaufman, D., Haeussler, P., Loso, M.G., De Batist, M., 2017. Varve formation during the past three centuries in three large proglacial lakes in south-central Alaska. GSA Bulletin 130, 757–774. Available at: https://doi.org/10.1130/B31792.1
",60.3917,-149.6019,Kenai
1988,29.1,"Boes, E., Van Daele, M., Moernaut, J., Schmidt, S., Jensen, B.J.L., Praet, N., Kaufman, D., Haeussler, P., Loso, M.G., De Batist, M., 2017. Varve formation during the past three centuries in three large proglacial lakes in south-central Alaska. GSA Bulletin 130, 757–774. Available at: https://doi.org/10.1130/B31792.1
",60.3917,-149.6019,Kenai
1987,22.19,"Boes, E., Van Daele, M., Moernaut, J., Schmidt, S., Jensen, B.J.L., Praet, N., Kaufman, D., Haeussler, P., Loso, M.G., De Batist, M., 2017. Varve formation during the past three centuries in three large proglacial lakes in south-central Alaska. GSA Bulletin 130, 757–774. Available at: https://doi.org/10.1130/B31792.1
",60.3917,-149.6019,Kenai
1986,63.01,"Boes, E., Van Daele, M., Moernaut, J., Schmidt, S., Jensen, B.J.L., Praet, N., Kaufman, D., Haeussler, P., Loso, M.G., De Batist, M., 2017. Varve formation during the past three centuries in three large proglacial lakes in south-central Alaska. GSA Bulletin 130, 757–774. Available at: https://doi.org/10.1130/B31792.1
",60.3917,-149.6019,Kenai
1985,10.88,"Boes, E., Van Daele, M., Moernaut, J., Schmidt, S., Jensen, B.J.L., Praet, N., Kaufman, D., Haeussler, P., Loso, M.G., De Batist, M., 2017. Varve formation during the past three centuries in three large proglacial lakes in south-central Alaska. GSA Bulletin 130, 757–774. Available at: https://doi.org/10.1130/B31792.1
",60.3917,-149.6019,Kenai
1984,9.15,"Boes, E., Van Daele, M., Moernaut, J., Schmidt, S., Jensen, B.J.L., Praet, N., Kaufman, D., Haeussler, P., Loso, M.G., De Batist, M., 2017. Varve formation during the past three centuries in three large proglacial lakes in south-central Alaska. GSA Bulletin 130, 757–774. Available at: https://doi.org/10.1130/B31792.1
",60.3917,-149.6019,Kenai
1983,7.14,"Boes, E., Van Daele, M., Moernaut, J., Schmidt, S., Jensen, B.J.L., Praet, N., Kaufman, D., Haeussler, P., Loso, M.G., De Batist, M., 2017. Varve formation during the past three centuries in three large proglacial lakes in south-central Alaska. GSA Bulletin 130, 757–774. Available at: https://doi.org/10.1130/B31792.1
",60.3917,-149.6019,Kenai
1982,11.67,"Boes, E., Van Daele, M., Moernaut, J., Schmidt, S., Jensen, B.J.L., Praet, N., Kaufman, D., Haeussler, P., Loso, M.G., De Batist, M., 2017. Varve formation during the past three centuries in three large proglacial lakes in south-central Alaska. GSA Bulletin 130, 757–774. Available at: https://doi.org/10.1130/B31792.1
",60.3917,-149.6019,Kenai
1981,9.64,"Boes, E., Van Daele, M., Moernaut, J., Schmidt, S., Jensen, B.J.L., Praet, N., Kaufman, D., Haeussler, P., Loso, M.G., De Batist, M., 2017. Varve formation during the past three centuries in three large proglacial lakes in south-central Alaska. GSA Bulletin 130, 757–774. Available at: https://doi.org/10.1130/B31792.1
",60.3917,-149.6019,Kenai
1980,37.05,"Boes, E., Van Daele, M., Moernaut, J., Schmidt, S., Jensen, B.J.L., Praet, N., Kaufman, D., Haeussler, P., Loso, M.G., De Batist, M., 2017. Varve formation during the past three centuries in three large proglacial lakes in south-central Alaska. GSA Bulletin 130, 757–774. Available at: https://doi.org/10.1130/B31792.1
",60.3917,-149.6019,Kenai
1979,16.06,"Boes, E., Van Daele, M., Moernaut, J., Schmidt, S., Jensen, B.J.L., Praet, N., Kaufman, D., Haeussler, P., Loso, M.G., De Batist, M., 2017. Varve formation during the past three centuries in three large proglacial lakes in south-central Alaska. GSA Bulletin 130, 757–774. Available at: https://doi.org/10.1130/B31792.1
",60.3917,-149.6019,Kenai
1978,17.34,"Boes, E., Van Daele, M., Moernaut, J., Schmidt, S., Jensen, B.J.L., Praet, N., Kaufman, D., Haeussler, P., Loso, M.G., De Batist, M., 2017. Varve formation during the past three centuries in three large proglacial lakes in south-central Alaska. GSA Bulletin 130, 757–774. Available at: https://doi.org/10.1130/B31792.1
",60.3917,-149.6019,Kenai
1977,32.7,"Boes, E., Van Daele, M., Moernaut, J., Schmidt, S., Jensen, B.J.L., Praet, N., Kaufman, D., Haeussler, P., Loso, M.G., De Batist, M., 2017. Varve formation during the past three centuries in three large proglacial lakes in south-central Alaska. GSA Bulletin 130, 757–774. Available at: https://doi.org/10.1130/B31792.1
",60.3917,-149.6019,Kenai
1976,16.18,"Boes, E., Van Daele, M., Moernaut, J., Schmidt, S., Jensen, B.J.L., Praet, N., Kaufman, D., Haeussler, P., Loso, M.G., De Batist, M., 2017. Varve formation during the past three centuries in three large proglacial lakes in south-central Alaska. GSA Bulletin 130, 757–774. Available at: https://doi.org/10.1130/B31792.1
",60.3917,-149.6019,Kenai
1975,46.84,"Boes, E., Van Daele, M., Moernaut, J., Schmidt, S., Jensen, B.J.L., Praet, N., Kaufman, D., Haeussler, P., Loso, M.G., De Batist, M., 2017. Varve formation during the past three centuries in three large proglacial lakes in south-central Alaska. GSA Bulletin 130, 757–774. Available at: https://doi.org/10.1130/B31792.1
",60.3917,-149.6019,Kenai
1974,32.04,"Boes, E., Van Daele, M., Moernaut, J., Schmidt, S., Jensen, B.J.L., Praet, N., Kaufman, D., Haeussler, P., Loso, M.G., De Batist, M., 2017. Varve formation during the past three centuries in three large proglacial lakes in south-central Alaska. GSA Bulletin 130, 757–774. Available at: https://doi.org/10.1130/B31792.1
",60.3917,-149.6019,Kenai
1973,12.72,"Boes, E., Van Daele, M., Moernaut, J., Schmidt, S., Jensen, B.J.L., Praet, N., Kaufman, D., Haeussler, P., Loso, M.G., De Batist, M., 2017. Varve formation during the past three centuries in three large proglacial lakes in south-central Alaska. GSA Bulletin 130, 757–774. Available at: https://doi.org/10.1130/B31792.1
",60.3917,-149.6019,Kenai
1972,32.26,"Boes, E., Van Daele, M., Moernaut, J., Schmidt, S., Jensen, B.J.L., Praet, N., Kaufman, D., Haeussler, P., Loso, M.G., De Batist, M., 2017. Varve formation during the past three centuries in three large proglacial lakes in south-central Alaska. GSA Bulletin 130, 757–774. Available at: https://doi.org/10.1130/B31792.1
",60.3917,-149.6019,Kenai
1971,8.5,"Boes, E., Van Daele, M., Moernaut, J., Schmidt, S., Jensen, B.J.L., Praet, N., Kaufman, D., Haeussler, P., Loso, M.G., De Batist, M., 2017. Varve formation during the past three centuries in three large proglacial lakes in south-central Alaska. GSA Bulletin 130, 757–774. Available at: https://doi.org/10.1130/B31792.1
",60.3917,-149.6019,Kenai
1970,13.58,"Boes, E., Van Daele, M., Moernaut, J., Schmidt, S., Jensen, B.J.L., Praet, N., Kaufman, D., Haeussler, P., Loso, M.G., De Batist, M., 2017. Varve formation during the past three centuries in three large proglacial lakes in south-central Alaska. GSA Bulletin 130, 757–774. Available at: https://doi.org/10.1130/B31792.1
",60.3917,-149.6019,Kenai
1969,11.8,"Boes, E., Van Daele, M., Moernaut, J., Schmidt, S., Jensen, B.J.L., Praet, N., Kaufman, D., Haeussler, P., Loso, M.G., De Batist, M., 2017. Varve formation during the past three centuries in three large proglacial lakes in south-central Alaska. GSA Bulletin 130, 757–774. Available at: https://doi.org/10.1130/B31792.1
",60.3917,-149.6019,Kenai
1968,12.72,"Boes, E., Van Daele, M., Moernaut, J., Schmidt, S., Jensen, B.J.L., Praet, N., Kaufman, D., Haeussler, P., Loso, M.G., De Batist, M., 2017. Varve formation during the past three centuries in three large proglacial lakes in south-central Alaska. GSA Bulletin 130, 757–774. Available at: https://doi.org/10.1130/B31792.1
",60.3917,-149.6019,Kenai
1967,35.58,"Boes, E., Van Daele, M., Moernaut, J., Schmidt, S., Jensen, B.J.L., Praet, N., Kaufman, D., Haeussler, P., Loso, M.G., De Batist, M., 2017. Varve formation during the past three centuries in three large proglacial lakes in south-central Alaska. GSA Bulletin 130, 757–774. Available at: https://doi.org/10.1130/B31792.1
",60.3917,-149.6019,Kenai
1966,73.64,"Boes, E., Van Daele, M., Moernaut, J., Schmidt, S., Jensen, B.J.L., Praet, N., Kaufman, D., Haeussler, P., Loso, M.G., De Batist, M., 2017. Varve formation during the past three centuries in three large proglacial lakes in south-central Alaska. GSA Bulletin 130, 757–774. Available at: https://doi.org/10.1130/B31792.1
",60.3917,-149.6019,Kenai
1965,38.55,"Boes, E., Van Daele, M., Moernaut, J., Schmidt, S., Jensen, B.J.L., Praet, N., Kaufman, D., Haeussler, P., Loso, M.G., De Batist, M., 2017. Varve formation during the past three centuries in three large proglacial lakes in south-central Alaska. GSA Bulletin 130, 757–774. Available at: https://doi.org/10.1130/B31792.1
",60.3917,-149.6019,Kenai
1964,30.04,"Boes, E., Van Daele, M., Moernaut, J., Schmidt, S., Jensen, B.J.L., Praet, N., Kaufman, D., Haeussler, P., Loso, M.G., De Batist, M., 2017. Varve formation during the past three centuries in three large proglacial lakes in south-central Alaska. GSA Bulletin 130, 757–774. Available at: https://doi.org/10.1130/B31792.1
",60.3917,-149.6019,Kenai
1963,28.88,"Boes, E., Van Daele, M., Moernaut, J., Schmidt, S., Jensen, B.J.L., Praet, N., Kaufman, D., Haeussler, P., Loso, M.G., De Batist, M., 2017. Varve formation during the past three centuries in three large proglacial lakes in south-central Alaska. GSA Bulletin 130, 757–774. Available at: https://doi.org/10.1130/B31792.1
",60.3917,-149.6019,Kenai
1962,30.66,"Boes, E., Van Daele, M., Moernaut, J., Schmidt, S., Jensen, B.J.L., Praet, N., Kaufman, D., Haeussler, P., Loso, M.G., De Batist, M., 2017. Varve formation during the past three centuries in three large proglacial lakes in south-central Alaska. GSA Bulletin 130, 757–774. Available at: https://doi.org/10.1130/B31792.1
",60.3917,-149.6019,Kenai
1961,27.43,"Boes, E., Van Daele, M., Moernaut, J., Schmidt, S., Jensen, B.J.L., Praet, N., Kaufman, D., Haeussler, P., Loso, M.G., De Batist, M., 2017. Varve formation during the past three centuries in three large proglacial lakes in south-central Alaska. GSA Bulletin 130, 757–774. Available at: https://doi.org/10.1130/B31792.1
",60.3917,-149.6019,Kenai
1960,26.73,"Boes, E., Van Daele, M., Moernaut, J., Schmidt, S., Jensen, B.J.L., Praet, N., Kaufman, D., Haeussler, P., Loso, M.G., De Batist, M., 2017. Varve formation during the past three centuries in three large proglacial lakes in south-central Alaska. GSA Bulletin 130, 757–774. Available at: https://doi.org/10.1130/B31792.1
",60.3917,-149.6019,Kenai
1959,47.52,"Boes, E., Van Daele, M., Moernaut, J., Schmidt, S., Jensen, B.J.L., Praet, N., Kaufman, D., Haeussler, P., Loso, M.G., De Batist, M., 2017. Varve formation during the past three centuries in three large proglacial lakes in south-central Alaska. GSA Bulletin 130, 757–774. Available at: https://doi.org/10.1130/B31792.1
",60.3917,-149.6019,Kenai
1958,23.2,"Boes, E., Van Daele, M., Moernaut, J., Schmidt, S., Jensen, B.J.L., Praet, N., Kaufman, D., Haeussler, P., Loso, M.G., De Batist, M., 2017. Varve formation during the past three centuries in three large proglacial lakes in south-central Alaska. GSA Bulletin 130, 757–774. Available at: https://doi.org/10.1130/B31792.1
",60.3917,-149.6019,Kenai
1957,25.14,"Boes, E., Van Daele, M., Moernaut, J., Schmidt, S., Jensen, B.J.L., Praet, N., Kaufman, D., Haeussler, P., Loso, M.G., De Batist, M., 2017. Varve formation during the past three centuries in three large proglacial lakes in south-central Alaska. GSA Bulletin 130, 757–774. Available at: https://doi.org/10.1130/B31792.1
",60.3917,-149.6019,Kenai
1956,35.82,"Boes, E., Van Daele, M., Moernaut, J., Schmidt, S., Jensen, B.J.L., Praet, N., Kaufman, D., Haeussler, P., Loso, M.G., De Batist, M., 2017. Varve formation during the past three centuries in three large proglacial lakes in south-central Alaska. GSA Bulletin 130, 757–774. Available at: https://doi.org/10.1130/B31792.1
",60.3917,-149.6019,Kenai
1955,27.12,"Boes, E., Van Daele, M., Moernaut, J., Schmidt, S., Jensen, B.J.L., Praet, N., Kaufman, D., Haeussler, P., Loso, M.G., De Batist, M., 2017. Varve formation during the past three centuries in three large proglacial lakes in south-central Alaska. GSA Bulletin 130, 757–774. Available at: https://doi.org/10.1130/B31792.1
",60.3917,-149.6019,Kenai
1954,16.06,"Boes, E., Van Daele, M., Moernaut, J., Schmidt, S., Jensen, B.J.L., Praet, N., Kaufman, D., Haeussler, P., Loso, M.G., De Batist, M., 2017. Varve formation during the past three centuries in three large proglacial lakes in south-central Alaska. GSA Bulletin 130, 757–774. Available at: https://doi.org/10.1130/B31792.1
",60.3917,-149.6019,Kenai
1953,14.87,"Boes, E., Van Daele, M., Moernaut, J., Schmidt, S., Jensen, B.J.L., Praet, N., Kaufman, D., Haeussler, P., Loso, M.G., De Batist, M., 2017. Varve formation during the past three centuries in three large proglacial lakes in south-central Alaska. GSA Bulletin 130, 757–774. Available at: https://doi.org/10.1130/B31792.1
",60.3917,-149.6019,Kenai
1952,22.66,"Boes, E., Van Daele, M., Moernaut, J., Schmidt, S., Jensen, B.J.L., Praet, N., Kaufman, D., Haeussler, P., Loso, M.G., De Batist, M., 2017. Varve formation during the past three centuries in three large proglacial lakes in south-central Alaska. GSA Bulletin 130, 757–774. Available at: https://doi.org/10.1130/B31792.1
",60.3917,-149.6019,Kenai
1951,38.31,"Boes, E., Van Daele, M., Moernaut, J., Schmidt, S., Jensen, B.J.L., Praet, N., Kaufman, D., Haeussler, P., Loso, M.G., De Batist, M., 2017. Varve formation during the past three centuries in three large proglacial lakes in south-central Alaska. GSA Bulletin 130, 757–774. Available at: https://doi.org/10.1130/B31792.1
",60.3917,-149.6019,Kenai
1950,42.89,"Boes, E., Van Daele, M., Moernaut, J., Schmidt, S., Jensen, B.J.L., Praet, N., Kaufman, D., Haeussler, P., Loso, M.G., De Batist, M., 2017. Varve formation during the past three centuries in three large proglacial lakes in south-central Alaska. GSA Bulletin 130, 757–774. Available at: https://doi.org/10.1130/B31792.1
",60.3917,-149.6019,Kenai
1949,32.7,"Boes, E., Van Daele, M., Moernaut, J., Schmidt, S., Jensen, B.J.L., Praet, N., Kaufman, D., Haeussler, P., Loso, M.G., De Batist, M., 2017. Varve formation during the past three centuries in three large proglacial lakes in south-central Alaska. GSA Bulletin 130, 757–774. Available at: https://doi.org/10.1130/B31792.1
",60.3917,-149.6019,Kenai
1948,19.44,"Boes, E., Van Daele, M., Moernaut, J., Schmidt, S., Jensen, B.J.L., Praet, N., Kaufman, D., Haeussler, P., Loso, M.G., De Batist, M., 2017. Varve formation during the past three centuries in three large proglacial lakes in south-central Alaska. GSA Bulletin 130, 757–774. Available at: https://doi.org/10.1130/B31792.1
",60.3917,-149.6019,Kenai
1947,40.73,"Boes, E., Van Daele, M., Moernaut, J., Schmidt, S., Jensen, B.J.L., Praet, N., Kaufman, D., Haeussler, P., Loso, M.G., De Batist, M., 2017. Varve formation during the past three centuries in three large proglacial lakes in south-central Alaska. GSA Bulletin 130, 757–774. Available at: https://doi.org/10.1130/B31792.1
",60.3917,-149.6019,Kenai
1946,41.97,"Boes, E., Van Daele, M., Moernaut, J., Schmidt, S., Jensen, B.J.L., Praet, N., Kaufman, D., Haeussler, P., Loso, M.G., De Batist, M., 2017. Varve formation during the past three centuries in three large proglacial lakes in south-central Alaska. GSA Bulletin 130, 757–774. Available at: https://doi.org/10.1130/B31792.1
",60.3917,-149.6019,Kenai
1945,41.77,"Boes, E., Van Daele, M., Moernaut, J., Schmidt, S., Jensen, B.J.L., Praet, N., Kaufman, D., Haeussler, P., Loso, M.G., De Batist, M., 2017. Varve formation during the past three centuries in three large proglacial lakes in south-central Alaska. GSA Bulletin 130, 757–774. Available at: https://doi.org/10.1130/B31792.1
",60.3917,-149.6019,Kenai
1944,33.24,"Boes, E., Van Daele, M., Moernaut, J., Schmidt, S., Jensen, B.J.L., Praet, N., Kaufman, D., Haeussler, P., Loso, M.G., De Batist, M., 2017. Varve formation during the past three centuries in three large proglacial lakes in south-central Alaska. GSA Bulletin 130, 757–774. Available at: https://doi.org/10.1130/B31792.1
",60.3917,-149.6019,Kenai
1943,27.13,"Boes, E., Van Daele, M., Moernaut, J., Schmidt, S., Jensen, B.J.L., Praet, N., Kaufman, D., Haeussler, P., Loso, M.G., De Batist, M., 2017. Varve formation during the past three centuries in three large proglacial lakes in south-central Alaska. GSA Bulletin 130, 757–774. Available at: https://doi.org/10.1130/B31792.1
",60.3917,-149.6019,Kenai
1942,22.96,"Boes, E., Van Daele, M., Moernaut, J., Schmidt, S., Jensen, B.J.L., Praet, N., Kaufman, D., Haeussler, P., Loso, M.G., De Batist, M., 2017. Varve formation during the past three centuries in three large proglacial lakes in south-central Alaska. GSA Bulletin 130, 757–774. Available at: https://doi.org/10.1130/B31792.1
",60.3917,-149.6019,Kenai
1941,25.7,"Boes, E., Van Daele, M., Moernaut, J., Schmidt, S., Jensen, B.J.L., Praet, N., Kaufman, D., Haeussler, P., Loso, M.G., De Batist, M., 2017. Varve formation during the past three centuries in three large proglacial lakes in south-central Alaska. GSA Bulletin 130, 757–774. Available at: https://doi.org/10.1130/B31792.1
",60.3917,-149.6019,Kenai
1940,45.48,"Boes, E., Van Daele, M., Moernaut, J., Schmidt, S., Jensen, B.J.L., Praet, N., Kaufman, D., Haeussler, P., Loso, M.G., De Batist, M., 2017. Varve formation during the past three centuries in three large proglacial lakes in south-central Alaska. GSA Bulletin 130, 757–774. Available at: https://doi.org/10.1130/B31792.1
",60.3917,-149.6019,Kenai
1939,48.66,"Boes, E., Van Daele, M., Moernaut, J., Schmidt, S., Jensen, B.J.L., Praet, N., Kaufman, D., Haeussler, P., Loso, M.G., De Batist, M., 2017. Varve formation during the past three centuries in three large proglacial lakes in south-central Alaska. GSA Bulletin 130, 757–774. Available at: https://doi.org/10.1130/B31792.1
",60.3917,-149.6019,Kenai
1938,39.52,"Boes, E., Van Daele, M., Moernaut, J., Schmidt, S., Jensen, B.J.L., Praet, N., Kaufman, D., Haeussler, P., Loso, M.G., De Batist, M., 2017. Varve formation during the past three centuries in three large proglacial lakes in south-central Alaska. GSA Bulletin 130, 757–774. Available at: https://doi.org/10.1130/B31792.1
",60.3917,-149.6019,Kenai
1937,47.79,"Boes, E., Van Daele, M., Moernaut, J., Schmidt, S., Jensen, B.J.L., Praet, N., Kaufman, D., Haeussler, P., Loso, M.G., De Batist, M., 2017. Varve formation during the past three centuries in three large proglacial lakes in south-central Alaska. GSA Bulletin 130, 757–774. Available at: https://doi.org/10.1130/B31792.1
",60.3917,-149.6019,Kenai
1936,19.7,"Boes, E., Van Daele, M., Moernaut, J., Schmidt, S., Jensen, B.J.L., Praet, N., Kaufman, D., Haeussler, P., Loso, M.G., De Batist, M., 2017. Varve formation during the past three centuries in three large proglacial lakes in south-central Alaska. GSA Bulletin 130, 757–774. Available at: https://doi.org/10.1130/B31792.1
",60.3917,-149.6019,Kenai
1935,21.53,"Boes, E., Van Daele, M., Moernaut, J., Schmidt, S., Jensen, B.J.L., Praet, N., Kaufman, D., Haeussler, P., Loso, M.G., De Batist, M., 2017. Varve formation during the past three centuries in three large proglacial lakes in south-central Alaska. GSA Bulletin 130, 757–774. Available at: https://doi.org/10.1130/B31792.1
",60.3917,-149.6019,Kenai
1934,36.99,"Boes, E., Van Daele, M., Moernaut, J., Schmidt, S., Jensen, B.J.L., Praet, N., Kaufman, D., Haeussler, P., Loso, M.G., De Batist, M., 2017. Varve formation during the past three centuries in three large proglacial lakes in south-central Alaska. GSA Bulletin 130, 757–774. Available at: https://doi.org/10.1130/B31792.1
",60.3917,-149.6019,Kenai
1933,30.07,"Boes, E., Van Daele, M., Moernaut, J., Schmidt, S., Jensen, B.J.L., Praet, N., Kaufman, D., Haeussler, P., Loso, M.G., De Batist, M., 2017. Varve formation during the past three centuries in three large proglacial lakes in south-central Alaska. GSA Bulletin 130, 757–774. Available at: https://doi.org/10.1130/B31792.1
",60.3917,-149.6019,Kenai
1932,33.21,"Boes, E., Van Daele, M., Moernaut, J., Schmidt, S., Jensen, B.J.L., Praet, N., Kaufman, D., Haeussler, P., Loso, M.G., De Batist, M., 2017. Varve formation during the past three centuries in three large proglacial lakes in south-central Alaska. GSA Bulletin 130, 757–774. Available at: https://doi.org/10.1130/B31792.1
",60.3917,-149.6019,Kenai
1931,40.4,"Boes, E., Van Daele, M., Moernaut, J., Schmidt, S., Jensen, B.J.L., Praet, N., Kaufman, D., Haeussler, P., Loso, M.G., De Batist, M., 2017. Varve formation during the past three centuries in three large proglacial lakes in south-central Alaska. GSA Bulletin 130, 757–774. Available at: https://doi.org/10.1130/B31792.1
",60.3917,-149.6019,Kenai
1930,37.53,"Boes, E., Van Daele, M., Moernaut, J., Schmidt, S., Jensen, B.J.L., Praet, N., Kaufman, D., Haeussler, P., Loso, M.G., De Batist, M., 2017. Varve formation during the past three centuries in three large proglacial lakes in south-central Alaska. GSA Bulletin 130, 757–774. Available at: https://doi.org/10.1130/B31792.1
",60.3917,-149.6019,Kenai
1929,39.69,"Boes, E., Van Daele, M., Moernaut, J., Schmidt, S., Jensen, B.J.L., Praet, N., Kaufman, D., Haeussler, P., Loso, M.G., De Batist, M., 2017. Varve formation during the past three centuries in three large proglacial lakes in south-central Alaska. GSA Bulletin 130, 757–774. Available at: https://doi.org/10.1130/B31792.1
",60.3917,-149.6019,Kenai
1928,36.47,"Boes, E., Van Daele, M., Moernaut, J., Schmidt, S., Jensen, B.J.L., Praet, N., Kaufman, D., Haeussler, P., Loso, M.G., De Batist, M., 2017. Varve formation during the past three centuries in three large proglacial lakes in south-central Alaska. GSA Bulletin 130, 757–774. Available at: https://doi.org/10.1130/B31792.1
",60.3917,-149.6019,Kenai
1927,26.37,"Boes, E., Van Daele, M., Moernaut, J., Schmidt, S., Jensen, B.J.L., Praet, N., Kaufman, D., Haeussler, P., Loso, M.G., De Batist, M., 2017. Varve formation during the past three centuries in three large proglacial lakes in south-central Alaska. GSA Bulletin 130, 757–774. Available at: https://doi.org/10.1130/B31792.1
",60.3917,-149.6019,Kenai
1926,42.58,"Boes, E., Van Daele, M., Moernaut, J., Schmidt, S., Jensen, B.J.L., Praet, N., Kaufman, D., Haeussler, P., Loso, M.G., De Batist, M., 2017. Varve formation during the past three centuries in three large proglacial lakes in south-central Alaska. GSA Bulletin 130, 757–774. Available at: https://doi.org/10.1130/B31792.1
",60.3917,-149.6019,Kenai
1925,22.59,"Boes, E., Van Daele, M., Moernaut, J., Schmidt, S., Jensen, B.J.L., Praet, N., Kaufman, D., Haeussler, P., Loso, M.G., De Batist, M., 2017. Varve formation during the past three centuries in three large proglacial lakes in south-central Alaska. GSA Bulletin 130, 757–774. Available at: https://doi.org/10.1130/B31792.1
",60.3917,-149.6019,Kenai
1924,35.62,"Boes, E., Van Daele, M., Moernaut, J., Schmidt, S., Jensen, B.J.L., Praet, N., Kaufman, D., Haeussler, P., Loso, M.G., De Batist, M., 2017. Varve formation during the past three centuries in three large proglacial lakes in south-central Alaska. GSA Bulletin 130, 757–774. Available at: https://doi.org/10.1130/B31792.1
",60.3917,-149.6019,Kenai
1923,43.95,"Boes, E., Van Daele, M., Moernaut, J., Schmidt, S., Jensen, B.J.L., Praet, N., Kaufman, D., Haeussler, P., Loso, M.G., De Batist, M., 2017. Varve formation during the past three centuries in three large proglacial lakes in south-central Alaska. GSA Bulletin 130, 757–774. Available at: https://doi.org/10.1130/B31792.1
",60.3917,-149.6019,Kenai
1922,20.39,"Boes, E., Van Daele, M., Moernaut, J., Schmidt, S., Jensen, B.J.L., Praet, N., Kaufman, D., Haeussler, P., Loso, M.G., De Batist, M., 2017. Varve formation during the past three centuries in three large proglacial lakes in south-central Alaska. GSA Bulletin 130, 757–774. Available at: https://doi.org/10.1130/B31792.1
",60.3917,-149.6019,Kenai
1921,30.72,"Boes, E., Van Daele, M., Moernaut, J., Schmidt, S., Jensen, B.J.L., Praet, N., Kaufman, D., Haeussler, P., Loso, M.G., De Batist, M., 2017. Varve formation during the past three centuries in three large proglacial lakes in south-central Alaska. GSA Bulletin 130, 757–774. Available at: https://doi.org/10.1130/B31792.1
",60.3917,-149.6019,Kenai
1920,46.51,"Boes, E., Van Daele, M., Moernaut, J., Schmidt, S., Jensen, B.J.L., Praet, N., Kaufman, D., Haeussler, P., Loso, M.G., De Batist, M., 2017. Varve formation during the past three centuries in three large proglacial lakes in south-central Alaska. GSA Bulletin 130, 757–774. Available at: https://doi.org/10.1130/B31792.1
",60.3917,-149.6019,Kenai
1919,26.41,"Boes, E., Van Daele, M., Moernaut, J., Schmidt, S., Jensen, B.J.L., Praet, N., Kaufman, D., Haeussler, P., Loso, M.G., De Batist, M., 2017. Varve formation during the past three centuries in three large proglacial lakes in south-central Alaska. GSA Bulletin 130, 757–774. Available at: https://doi.org/10.1130/B31792.1
",60.3917,-149.6019,Kenai
1918,47.6,"Boes, E., Van Daele, M., Moernaut, J., Schmidt, S., Jensen, B.J.L., Praet, N., Kaufman, D., Haeussler, P., Loso, M.G., De Batist, M., 2017. Varve formation during the past three centuries in three large proglacial lakes in south-central Alaska. GSA Bulletin 130, 757–774. Available at: https://doi.org/10.1130/B31792.1
",60.3917,-149.6019,Kenai
1917,39.63,"Boes, E., Van Daele, M., Moernaut, J., Schmidt, S., Jensen, B.J.L., Praet, N., Kaufman, D., Haeussler, P., Loso, M.G., De Batist, M., 2017. Varve formation during the past three centuries in three large proglacial lakes in south-central Alaska. GSA Bulletin 130, 757–774. Available at: https://doi.org/10.1130/B31792.1
",60.3917,-149.6019,Kenai
1916,45.16,"Boes, E., Van Daele, M., Moernaut, J., Schmidt, S., Jensen, B.J.L., Praet, N., Kaufman, D., Haeussler, P., Loso, M.G., De Batist, M., 2017. Varve formation during the past three centuries in three large proglacial lakes in south-central Alaska. GSA Bulletin 130, 757–774. Available at: https://doi.org/10.1130/B31792.1
",60.3917,-149.6019,Kenai
1915,31.25,"Boes, E., Van Daele, M., Moernaut, J., Schmidt, S., Jensen, B.J.L., Praet, N., Kaufman, D., Haeussler, P., Loso, M.G., De Batist, M., 2017. Varve formation during the past three centuries in three large proglacial lakes in south-central Alaska. GSA Bulletin 130, 757–774. Available at: https://doi.org/10.1130/B31792.1
",60.3917,-149.6019,Kenai
1914,36.24,"Boes, E., Van Daele, M., Moernaut, J., Schmidt, S., Jensen, B.J.L., Praet, N., Kaufman, D., Haeussler, P., Loso, M.G., De Batist, M., 2017. Varve formation during the past three centuries in three large proglacial lakes in south-central Alaska. GSA Bulletin 130, 757–774. Available at: https://doi.org/10.1130/B31792.1
",60.3917,-149.6019,Kenai
1913,41.75,"Boes, E., Van Daele, M., Moernaut, J., Schmidt, S., Jensen, B.J.L., Praet, N., Kaufman, D., Haeussler, P., Loso, M.G., De Batist, M., 2017. Varve formation during the past three centuries in three large proglacial lakes in south-central Alaska. GSA Bulletin 130, 757–774. Available at: https://doi.org/10.1130/B31792.1
",60.3917,-149.6019,Kenai
1912,33.36,"Boes, E., Van Daele, M., Moernaut, J., Schmidt, S., Jensen, B.J.L., Praet, N., Kaufman, D., Haeussler, P., Loso, M.G., De Batist, M., 2017. Varve formation during the past three centuries in three large proglacial lakes in south-central Alaska. GSA Bulletin 130, 757–774. Available at: https://doi.org/10.1130/B31792.1
",60.3917,-149.6019,Kenai
1911,18.89,"Boes, E., Van Daele, M., Moernaut, J., Schmidt, S., Jensen, B.J.L., Praet, N., Kaufman, D., Haeussler, P., Loso, M.G., De Batist, M., 2017. Varve formation during the past three centuries in three large proglacial lakes in south-central Alaska. GSA Bulletin 130, 757–774. Available at: https://doi.org/10.1130/B31792.1
",60.3917,-149.6019,Kenai
1910,26.97,"Boes, E., Van Daele, M., Moernaut, J., Schmidt, S., Jensen, B.J.L., Praet, N., Kaufman, D., Haeussler, P., Loso, M.G., De Batist, M., 2017. Varve formation during the past three centuries in three large proglacial lakes in south-central Alaska. GSA Bulletin 130, 757–774. Available at: https://doi.org/10.1130/B31792.1
",60.3917,-149.6019,Kenai
1909,30.51,"Boes, E., Van Daele, M., Moernaut, J., Schmidt, S., Jensen, B.J.L., Praet, N., Kaufman, D., Haeussler, P., Loso, M.G., De Batist, M., 2017. Varve formation during the past three centuries in three large proglacial lakes in south-central Alaska. GSA Bulletin 130, 757–774. Available at: https://doi.org/10.1130/B31792.1
",60.3917,-149.6019,Kenai
1908,22.03,"Boes, E., Van Daele, M., Moernaut, J., Schmidt, S., Jensen, B.J.L., Praet, N., Kaufman, D., Haeussler, P., Loso, M.G., De Batist, M., 2017. Varve formation during the past three centuries in three large proglacial lakes in south-central Alaska. GSA Bulletin 130, 757–774. Available at: https://doi.org/10.1130/B31792.1
",60.3917,-149.6019,Kenai
1907,26.25,"Boes, E., Van Daele, M., Moernaut, J., Schmidt, S., Jensen, B.J.L., Praet, N., Kaufman, D., Haeussler, P., Loso, M.G., De Batist, M., 2017. Varve formation during the past three centuries in three large proglacial lakes in south-central Alaska. GSA Bulletin 130, 757–774. Available at: https://doi.org/10.1130/B31792.1
",60.3917,-149.6019,Kenai
1906,38.7,"Boes, E., Van Daele, M., Moernaut, J., Schmidt, S., Jensen, B.J.L., Praet, N., Kaufman, D., Haeussler, P., Loso, M.G., De Batist, M., 2017. Varve formation during the past three centuries in three large proglacial lakes in south-central Alaska. GSA Bulletin 130, 757–774. Available at: https://doi.org/10.1130/B31792.1
",60.3917,-149.6019,Kenai
1905,40.54,"Boes, E., Van Daele, M., Moernaut, J., Schmidt, S., Jensen, B.J.L., Praet, N., Kaufman, D., Haeussler, P., Loso, M.G., De Batist, M., 2017. Varve formation during the past three centuries in three large proglacial lakes in south-central Alaska. GSA Bulletin 130, 757–774. Available at: https://doi.org/10.1130/B31792.1
",60.3917,-149.6019,Kenai
1904,43.37,"Boes, E., Van Daele, M., Moernaut, J., Schmidt, S., Jensen, B.J.L., Praet, N., Kaufman, D., Haeussler, P., Loso, M.G., De Batist, M., 2017. Varve formation during the past three centuries in three large proglacial lakes in south-central Alaska. GSA Bulletin 130, 757–774. Available at: https://doi.org/10.1130/B31792.1
",60.3917,-149.6019,Kenai
1903,45.22,"Boes, E., Van Daele, M., Moernaut, J., Schmidt, S., Jensen, B.J.L., Praet, N., Kaufman, D., Haeussler, P., Loso, M.G., De Batist, M., 2017. Varve formation during the past three centuries in three large proglacial lakes in south-central Alaska. GSA Bulletin 130, 757–774. Available at: https://doi.org/10.1130/B31792.1
",60.3917,-149.6019,Kenai
1902,37.86,"Boes, E., Van Daele, M., Moernaut, J., Schmidt, S., Jensen, B.J.L., Praet, N., Kaufman, D., Haeussler, P., Loso, M.G., De Batist, M., 2017. Varve formation during the past three centuries in three large proglacial lakes in south-central Alaska. GSA Bulletin 130, 757–774. Available at: https://doi.org/10.1130/B31792.1
",60.3917,-149.6019,Kenai
1901,43.56,"Boes, E., Van Daele, M., Moernaut, J., Schmidt, S., Jensen, B.J.L., Praet, N., Kaufman, D., Haeussler, P., Loso, M.G., De Batist, M., 2017. Varve formation during the past three centuries in three large proglacial lakes in south-central Alaska. GSA Bulletin 130, 757–774. Available at: https://doi.org/10.1130/B31792.1
",60.3917,-149.6019,Kenai
1900,44.51,"Boes, E., Van Daele, M., Moernaut, J., Schmidt, S., Jensen, B.J.L., Praet, N., Kaufman, D., Haeussler, P., Loso, M.G., De Batist, M., 2017. Varve formation during the past three centuries in three large proglacial lakes in south-central Alaska. GSA Bulletin 130, 757–774. Available at: https://doi.org/10.1130/B31792.1
",60.3917,-149.6019,Kenai
1899,34.39,"Boes, E., Van Daele, M., Moernaut, J., Schmidt, S., Jensen, B.J.L., Praet, N., Kaufman, D., Haeussler, P., Loso, M.G., De Batist, M., 2017. Varve formation during the past three centuries in three large proglacial lakes in south-central Alaska. GSA Bulletin 130, 757–774. Available at: https://doi.org/10.1130/B31792.1
",60.3917,-149.6019,Kenai
1898,23.19,"Boes, E., Van Daele, M., Moernaut, J., Schmidt, S., Jensen, B.J.L., Praet, N., Kaufman, D., Haeussler, P., Loso, M.G., De Batist, M., 2017. Varve formation during the past three centuries in three large proglacial lakes in south-central Alaska. GSA Bulletin 130, 757–774. Available at: https://doi.org/10.1130/B31792.1
",60.3917,-149.6019,Kenai
1897,26.19,"Boes, E., Van Daele, M., Moernaut, J., Schmidt, S., Jensen, B.J.L., Praet, N., Kaufman, D., Haeussler, P., Loso, M.G., De Batist, M., 2017. Varve formation during the past three centuries in three large proglacial lakes in south-central Alaska. GSA Bulletin 130, 757–774. Available at: https://doi.org/10.1130/B31792.1
",60.3917,-149.6019,Kenai
1896,27.14,"Boes, E., Van Daele, M., Moernaut, J., Schmidt, S., Jensen, B.J.L., Praet, N., Kaufman, D., Haeussler, P., Loso, M.G., De Batist, M., 2017. Varve formation during the past three centuries in three large proglacial lakes in south-central Alaska. GSA Bulletin 130, 757–774. Available at: https://doi.org/10.1130/B31792.1
",60.3917,-149.6019,Kenai
1895,73.73,"Boes, E., Van Daele, M., Moernaut, J., Schmidt, S., Jensen, B.J.L., Praet, N., Kaufman, D., Haeussler, P., Loso, M.G., De Batist, M., 2017. Varve formation during the past three centuries in three large proglacial lakes in south-central Alaska. GSA Bulletin 130, 757–774. Available at: https://doi.org/10.1130/B31792.1
",60.3917,-149.6019,Kenai
1894,39.09,"Boes, E., Van Daele, M., Moernaut, J., Schmidt, S., Jensen, B.J.L., Praet, N., Kaufman, D., Haeussler, P., Loso, M.G., De Batist, M., 2017. Varve formation during the past three centuries in three large proglacial lakes in south-central Alaska. GSA Bulletin 130, 757–774. Available at: https://doi.org/10.1130/B31792.1
",60.3917,-149.6019,Kenai
1893,52.2,"Boes, E., Van Daele, M., Moernaut, J., Schmidt, S., Jensen, B.J.L., Praet, N., Kaufman, D., Haeussler, P., Loso, M.G., De Batist, M., 2017. Varve formation during the past three centuries in three large proglacial lakes in south-central Alaska. GSA Bulletin 130, 757–774. Available at: https://doi.org/10.1130/B31792.1
",60.3917,-149.6019,Kenai
1892,24.9,"Boes, E., Van Daele, M., Moernaut, J., Schmidt, S., Jensen, B.J.L., Praet, N., Kaufman, D., Haeussler, P., Loso, M.G., De Batist, M., 2017. Varve formation during the past three centuries in three large proglacial lakes in south-central Alaska. GSA Bulletin 130, 757–774. Available at: https://doi.org/10.1130/B31792.1
",60.3917,-149.6019,Kenai
1891,23.34,"Boes, E., Van Daele, M., Moernaut, J., Schmidt, S., Jensen, B.J.L., Praet, N., Kaufman, D., Haeussler, P., Loso, M.G., De Batist, M., 2017. Varve formation during the past three centuries in three large proglacial lakes in south-central Alaska. GSA Bulletin 130, 757–774. Available at: https://doi.org/10.1130/B31792.1
",60.3917,-149.6019,Kenai
1890,38.7,"Boes, E., Van Daele, M., Moernaut, J., Schmidt, S., Jensen, B.J.L., Praet, N., Kaufman, D., Haeussler, P., Loso, M.G., De Batist, M., 2017. Varve formation during the past three centuries in three large proglacial lakes in south-central Alaska. GSA Bulletin 130, 757–774. Available at: https://doi.org/10.1130/B31792.1
",60.3917,-149.6019,Kenai
1889,23.88,"Boes, E., Van Daele, M., Moernaut, J., Schmidt, S., Jensen, B.J.L., Praet, N., Kaufman, D., Haeussler, P., Loso, M.G., De Batist, M., 2017. Varve formation during the past three centuries in three large proglacial lakes in south-central Alaska. GSA Bulletin 130, 757–774. Available at: https://doi.org/10.1130/B31792.1
",60.3917,-149.6019,Kenai
1888,72.05,"Boes, E., Van Daele, M., Moernaut, J., Schmidt, S., Jensen, B.J.L., Praet, N., Kaufman, D., Haeussler, P., Loso, M.G., De Batist, M., 2017. Varve formation during the past three centuries in three large proglacial lakes in south-central Alaska. GSA Bulletin 130, 757–774. Available at: https://doi.org/10.1130/B31792.1
",60.3917,-149.6019,Kenai
1887,25.58,"Boes, E., Van Daele, M., Moernaut, J., Schmidt, S., Jensen, B.J.L., Praet, N., Kaufman, D., Haeussler, P., Loso, M.G., De Batist, M., 2017. Varve formation during the past three centuries in three large proglacial lakes in south-central Alaska. GSA Bulletin 130, 757–774. Available at: https://doi.org/10.1130/B31792.1
",60.3917,-149.6019,Kenai
1886,49.54,"Boes, E., Van Daele, M., Moernaut, J., Schmidt, S., Jensen, B.J.L., Praet, N., Kaufman, D., Haeussler, P., Loso, M.G., De Batist, M., 2017. Varve formation during the past three centuries in three large proglacial lakes in south-central Alaska. GSA Bulletin 130, 757–774. Available at: https://doi.org/10.1130/B31792.1
",60.3917,-149.6019,Kenai
1885,28.12,"Boes, E., Van Daele, M., Moernaut, J., Schmidt, S., Jensen, B.J.L., Praet, N., Kaufman, D., Haeussler, P., Loso, M.G., De Batist, M., 2017. Varve formation during the past three centuries in three large proglacial lakes in south-central Alaska. GSA Bulletin 130, 757–774. Available at: https://doi.org/10.1130/B31792.1
",60.3917,-149.6019,Kenai
1884,27.27,"Boes, E., Van Daele, M., Moernaut, J., Schmidt, S., Jensen, B.J.L., Praet, N., Kaufman, D., Haeussler, P., Loso, M.G., De Batist, M., 2017. Varve formation during the past three centuries in three large proglacial lakes in south-central Alaska. GSA Bulletin 130, 757–774. Available at: https://doi.org/10.1130/B31792.1
",60.3917,-149.6019,Kenai
1883,33.11,"Boes, E., Van Daele, M., Moernaut, J., Schmidt, S., Jensen, B.J.L., Praet, N., Kaufman, D., Haeussler, P., Loso, M.G., De Batist, M., 2017. Varve formation during the past three centuries in three large proglacial lakes in south-central Alaska. GSA Bulletin 130, 757–774. Available at: https://doi.org/10.1130/B31792.1
",60.3917,-149.6019,Kenai
1882,40.71,"Boes, E., Van Daele, M., Moernaut, J., Schmidt, S., Jensen, B.J.L., Praet, N., Kaufman, D., Haeussler, P., Loso, M.G., De Batist, M., 2017. Varve formation during the past three centuries in three large proglacial lakes in south-central Alaska. GSA Bulletin 130, 757–774. Available at: https://doi.org/10.1130/B31792.1
",60.3917,-149.6019,Kenai
1881,31.32,"Boes, E., Van Daele, M., Moernaut, J., Schmidt, S., Jensen, B.J.L., Praet, N., Kaufman, D., Haeussler, P., Loso, M.G., De Batist, M., 2017. Varve formation during the past three centuries in three large proglacial lakes in south-central Alaska. GSA Bulletin 130, 757–774. Available at: https://doi.org/10.1130/B31792.1
",60.3917,-149.6019,Kenai
1880,43.25,"Boes, E., Van Daele, M., Moernaut, J., Schmidt, S., Jensen, B.J.L., Praet, N., Kaufman, D., Haeussler, P., Loso, M.G., De Batist, M., 2017. Varve formation during the past three centuries in three large proglacial lakes in south-central Alaska. GSA Bulletin 130, 757–774. Available at: https://doi.org/10.1130/B31792.1
",60.3917,-149.6019,Kenai
1879,23.55,"Boes, E., Van Daele, M., Moernaut, J., Schmidt, S., Jensen, B.J.L., Praet, N., Kaufman, D., Haeussler, P., Loso, M.G., De Batist, M., 2017. Varve formation during the past three centuries in three large proglacial lakes in south-central Alaska. GSA Bulletin 130, 757–774. Available at: https://doi.org/10.1130/B31792.1
",60.3917,-149.6019,Kenai
1878,59.73,"Boes, E., Van Daele, M., Moernaut, J., Schmidt, S., Jensen, B.J.L., Praet, N., Kaufman, D., Haeussler, P., Loso, M.G., De Batist, M., 2017. Varve formation during the past three centuries in three large proglacial lakes in south-central Alaska. GSA Bulletin 130, 757–774. Available at: https://doi.org/10.1130/B31792.1
",60.3917,-149.6019,Kenai
1877,38.9,"Boes, E., Van Daele, M., Moernaut, J., Schmidt, S., Jensen, B.J.L., Praet, N., Kaufman, D., Haeussler, P., Loso, M.G., De Batist, M., 2017. Varve formation during the past three centuries in three large proglacial lakes in south-central Alaska. GSA Bulletin 130, 757–774. Available at: https://doi.org/10.1130/B31792.1
",60.3917,-149.6019,Kenai
1876,25.21,"Boes, E., Van Daele, M., Moernaut, J., Schmidt, S., Jensen, B.J.L., Praet, N., Kaufman, D., Haeussler, P., Loso, M.G., De Batist, M., 2017. Varve formation during the past three centuries in three large proglacial lakes in south-central Alaska. GSA Bulletin 130, 757–774. Available at: https://doi.org/10.1130/B31792.1
",60.3917,-149.6019,Kenai
1875,32.84,"Boes, E., Van Daele, M., Moernaut, J., Schmidt, S., Jensen, B.J.L., Praet, N., Kaufman, D., Haeussler, P., Loso, M.G., De Batist, M., 2017. Varve formation during the past three centuries in three large proglacial lakes in south-central Alaska. GSA Bulletin 130, 757–774. Available at: https://doi.org/10.1130/B31792.1
",60.3917,-149.6019,Kenai
1874,43.18,"Boes, E., Van Daele, M., Moernaut, J., Schmidt, S., Jensen, B.J.L., Praet, N., Kaufman, D., Haeussler, P., Loso, M.G., De Batist, M., 2017. Varve formation during the past three centuries in three large proglacial lakes in south-central Alaska. GSA Bulletin 130, 757–774. Available at: https://doi.org/10.1130/B31792.1
",60.3917,-149.6019,Kenai
1873,32.59,"Boes, E., Van Daele, M., Moernaut, J., Schmidt, S., Jensen, B.J.L., Praet, N., Kaufman, D., Haeussler, P., Loso, M.G., De Batist, M., 2017. Varve formation during the past three centuries in three large proglacial lakes in south-central Alaska. GSA Bulletin 130, 757–774. Available at: https://doi.org/10.1130/B31792.1
",60.3917,-149.6019,Kenai
1872,55.26,"Boes, E., Van Daele, M., Moernaut, J., Schmidt, S., Jensen, B.J.L., Praet, N., Kaufman, D., Haeussler, P., Loso, M.G., De Batist, M., 2017. Varve formation during the past three centuries in three large proglacial lakes in south-central Alaska. GSA Bulletin 130, 757–774. Available at: https://doi.org/10.1130/B31792.1
",60.3917,-149.6019,Kenai
1871,27.99,"Boes, E., Van Daele, M., Moernaut, J., Schmidt, S., Jensen, B.J.L., Praet, N., Kaufman, D., Haeussler, P., Loso, M.G., De Batist, M., 2017. Varve formation during the past three centuries in three large proglacial lakes in south-central Alaska. GSA Bulletin 130, 757–774. Available at: https://doi.org/10.1130/B31792.1
",60.3917,-149.6019,Kenai
1870,31.3,"Boes, E., Van Daele, M., Moernaut, J., Schmidt, S., Jensen, B.J.L., Praet, N., Kaufman, D., Haeussler, P., Loso, M.G., De Batist, M., 2017. Varve formation during the past three centuries in three large proglacial lakes in south-central Alaska. GSA Bulletin 130, 757–774. Available at: https://doi.org/10.1130/B31792.1
",60.3917,-149.6019,Kenai
1869,41.52,"Boes, E., Van Daele, M., Moernaut, J., Schmidt, S., Jensen, B.J.L., Praet, N., Kaufman, D., Haeussler, P., Loso, M.G., De Batist, M., 2017. Varve formation during the past three centuries in three large proglacial lakes in south-central Alaska. GSA Bulletin 130, 757–774. Available at: https://doi.org/10.1130/B31792.1
",60.3917,-149.6019,Kenai
1868,50.47,"Boes, E., Van Daele, M., Moernaut, J., Schmidt, S., Jensen, B.J.L., Praet, N., Kaufman, D., Haeussler, P., Loso, M.G., De Batist, M., 2017. Varve formation during the past three centuries in three large proglacial lakes in south-central Alaska. GSA Bulletin 130, 757–774. Available at: https://doi.org/10.1130/B31792.1
",60.3917,-149.6019,Kenai
1867,43.33,"Boes, E., Van Daele, M., Moernaut, J., Schmidt, S., Jensen, B.J.L., Praet, N., Kaufman, D., Haeussler, P., Loso, M.G., De Batist, M., 2017. Varve formation during the past three centuries in three large proglacial lakes in south-central Alaska. GSA Bulletin 130, 757–774. Available at: https://doi.org/10.1130/B31792.1
",60.3917,-149.6019,Kenai
1866,49.92,"Boes, E., Van Daele, M., Moernaut, J., Schmidt, S., Jensen, B.J.L., Praet, N., Kaufman, D., Haeussler, P., Loso, M.G., De Batist, M., 2017. Varve formation during the past three centuries in three large proglacial lakes in south-central Alaska. GSA Bulletin 130, 757–774. Available at: https://doi.org/10.1130/B31792.1
",60.3917,-149.6019,Kenai
1865,36.8,"Boes, E., Van Daele, M., Moernaut, J., Schmidt, S., Jensen, B.J.L., Praet, N., Kaufman, D., Haeussler, P., Loso, M.G., De Batist, M., 2017. Varve formation during the past three centuries in three large proglacial lakes in south-central Alaska. GSA Bulletin 130, 757–774. Available at: https://doi.org/10.1130/B31792.1
",60.3917,-149.6019,Kenai
1864,55.34,"Boes, E., Van Daele, M., Moernaut, J., Schmidt, S., Jensen, B.J.L., Praet, N., Kaufman, D., Haeussler, P., Loso, M.G., De Batist, M., 2017. Varve formation during the past three centuries in three large proglacial lakes in south-central Alaska. GSA Bulletin 130, 757–774. Available at: https://doi.org/10.1130/B31792.1
",60.3917,-149.6019,Kenai
1863,54.8,"Boes, E., Van Daele, M., Moernaut, J., Schmidt, S., Jensen, B.J.L., Praet, N., Kaufman, D., Haeussler, P., Loso, M.G., De Batist, M., 2017. Varve formation during the past three centuries in three large proglacial lakes in south-central Alaska. GSA Bulletin 130, 757–774. Available at: https://doi.org/10.1130/B31792.1
",60.3917,-149.6019,Kenai
1862,33.6,"Boes, E., Van Daele, M., Moernaut, J., Schmidt, S., Jensen, B.J.L., Praet, N., Kaufman, D., Haeussler, P., Loso, M.G., De Batist, M., 2017. Varve formation during the past three centuries in three large proglacial lakes in south-central Alaska. GSA Bulletin 130, 757–774. Available at: https://doi.org/10.1130/B31792.1
",60.3917,-149.6019,Kenai
1861,67.35,"Boes, E., Van Daele, M., Moernaut, J., Schmidt, S., Jensen, B.J.L., Praet, N., Kaufman, D., Haeussler, P., Loso, M.G., De Batist, M., 2017. Varve formation during the past three centuries in three large proglacial lakes in south-central Alaska. GSA Bulletin 130, 757–774. Available at: https://doi.org/10.1130/B31792.1
",60.3917,-149.6019,Kenai
1860,39.51,"Boes, E., Van Daele, M., Moernaut, J., Schmidt, S., Jensen, B.J.L., Praet, N., Kaufman, D., Haeussler, P., Loso, M.G., De Batist, M., 2017. Varve formation during the past three centuries in three large proglacial lakes in south-central Alaska. GSA Bulletin 130, 757–774. Available at: https://doi.org/10.1130/B31792.1
",60.3917,-149.6019,Kenai
1859,38.47,"Boes, E., Van Daele, M., Moernaut, J., Schmidt, S., Jensen, B.J.L., Praet, N., Kaufman, D., Haeussler, P., Loso, M.G., De Batist, M., 2017. Varve formation during the past three centuries in three large proglacial lakes in south-central Alaska. GSA Bulletin 130, 757–774. Available at: https://doi.org/10.1130/B31792.1
",60.3917,-149.6019,Kenai
1858,42.29,"Boes, E., Van Daele, M., Moernaut, J., Schmidt, S., Jensen, B.J.L., Praet, N., Kaufman, D., Haeussler, P., Loso, M.G., De Batist, M., 2017. Varve formation during the past three centuries in three large proglacial lakes in south-central Alaska. GSA Bulletin 130, 757–774. Available at: https://doi.org/10.1130/B31792.1
",60.3917,-149.6019,Kenai
1857,45.14,"Boes, E., Van Daele, M., Moernaut, J., Schmidt, S., Jensen, B.J.L., Praet, N., Kaufman, D., Haeussler, P., Loso, M.G., De Batist, M., 2017. Varve formation during the past three centuries in three large proglacial lakes in south-central Alaska. GSA Bulletin 130, 757–774. Available at: https://doi.org/10.1130/B31792.1
",60.3917,-149.6019,Kenai
1856,38.13,"Boes, E., Van Daele, M., Moernaut, J., Schmidt, S., Jensen, B.J.L., Praet, N., Kaufman, D., Haeussler, P., Loso, M.G., De Batist, M., 2017. Varve formation during the past three centuries in three large proglacial lakes in south-central Alaska. GSA Bulletin 130, 757–774. Available at: https://doi.org/10.1130/B31792.1
",60.3917,-149.6019,Kenai
1855,33.63,"Boes, E., Van Daele, M., Moernaut, J., Schmidt, S., Jensen, B.J.L., Praet, N., Kaufman, D., Haeussler, P., Loso, M.G., De Batist, M., 2017. Varve formation during the past three centuries in three large proglacial lakes in south-central Alaska. GSA Bulletin 130, 757–774. Available at: https://doi.org/10.1130/B31792.1
",60.3917,-149.6019,Kenai
1854,51.23,"Boes, E., Van Daele, M., Moernaut, J., Schmidt, S., Jensen, B.J.L., Praet, N., Kaufman, D., Haeussler, P., Loso, M.G., De Batist, M., 2017. Varve formation during the past three centuries in three large proglacial lakes in south-central Alaska. GSA Bulletin 130, 757–774. Available at: https://doi.org/10.1130/B31792.1
",60.3917,-149.6019,Kenai
1853,96.76,"Boes, E., Van Daele, M., Moernaut, J., Schmidt, S., Jensen, B.J.L., Praet, N., Kaufman, D., Haeussler, P., Loso, M.G., De Batist, M., 2017. Varve formation during the past three centuries in three large proglacial lakes in south-central Alaska. GSA Bulletin 130, 757–774. Available at: https://doi.org/10.1130/B31792.1
",60.3917,-149.6019,Kenai
1852,48.01,"Boes, E., Van Daele, M., Moernaut, J., Schmidt, S., Jensen, B.J.L., Praet, N., Kaufman, D., Haeussler, P., Loso, M.G., De Batist, M., 2017. Varve formation during the past three centuries in three large proglacial lakes in south-central Alaska. GSA Bulletin 130, 757–774. Available at: https://doi.org/10.1130/B31792.1
",60.3917,-149.6019,Kenai
1851,79.34,"Boes, E., Van Daele, M., Moernaut, J., Schmidt, S., Jensen, B.J.L., Praet, N., Kaufman, D., Haeussler, P., Loso, M.G., De Batist, M., 2017. Varve formation during the past three centuries in three large proglacial lakes in south-central Alaska. GSA Bulletin 130, 757–774. Available at: https://doi.org/10.1130/B31792.1
",60.3917,-149.6019,Kenai
1850,78.1,"Boes, E., Van Daele, M., Moernaut, J., Schmidt, S., Jensen, B.J.L., Praet, N., Kaufman, D., Haeussler, P., Loso, M.G., De Batist, M., 2017. Varve formation during the past three centuries in three large proglacial lakes in south-central Alaska. GSA Bulletin 130, 757–774. Available at: https://doi.org/10.1130/B31792.1
",60.3917,-149.6019,Kenai
1849,36.78,"Boes, E., Van Daele, M., Moernaut, J., Schmidt, S., Jensen, B.J.L., Praet, N., Kaufman, D., Haeussler, P., Loso, M.G., De Batist, M., 2017. Varve formation during the past three centuries in three large proglacial lakes in south-central Alaska. GSA Bulletin 130, 757–774. Available at: https://doi.org/10.1130/B31792.1
",60.3917,-149.6019,Kenai
1848,22.84,"Boes, E., Van Daele, M., Moernaut, J., Schmidt, S., Jensen, B.J.L., Praet, N., Kaufman, D., Haeussler, P., Loso, M.G., De Batist, M., 2017. Varve formation during the past three centuries in three large proglacial lakes in south-central Alaska. GSA Bulletin 130, 757–774. Available at: https://doi.org/10.1130/B31792.1
",60.3917,-149.6019,Kenai
1847,26.08,"Boes, E., Van Daele, M., Moernaut, J., Schmidt, S., Jensen, B.J.L., Praet, N., Kaufman, D., Haeussler, P., Loso, M.G., De Batist, M., 2017. Varve formation during the past three centuries in three large proglacial lakes in south-central Alaska. GSA Bulletin 130, 757–774. Available at: https://doi.org/10.1130/B31792.1
",60.3917,-149.6019,Kenai
1846,31.78,"Boes, E., Van Daele, M., Moernaut, J., Schmidt, S., Jensen, B.J.L., Praet, N., Kaufman, D., Haeussler, P., Loso, M.G., De Batist, M., 2017. Varve formation during the past three centuries in three large proglacial lakes in south-central Alaska. GSA Bulletin 130, 757–774. Available at: https://doi.org/10.1130/B31792.1
",60.3917,-149.6019,Kenai
1845,41,"Boes, E., Van Daele, M., Moernaut, J., Schmidt, S., Jensen, B.J.L., Praet, N., Kaufman, D., Haeussler, P., Loso, M.G., De Batist, M., 2017. Varve formation during the past three centuries in three large proglacial lakes in south-central Alaska. GSA Bulletin 130, 757–774. Available at: https://doi.org/10.1130/B31792.1
",60.3917,-149.6019,Kenai
1844,53.95,"Boes, E., Van Daele, M., Moernaut, J., Schmidt, S., Jensen, B.J.L., Praet, N., Kaufman, D., Haeussler, P., Loso, M.G., De Batist, M., 2017. Varve formation during the past three centuries in three large proglacial lakes in south-central Alaska. GSA Bulletin 130, 757–774. Available at: https://doi.org/10.1130/B31792.1
",60.3917,-149.6019,Kenai
1843,50.71,"Boes, E., Van Daele, M., Moernaut, J., Schmidt, S., Jensen, B.J.L., Praet, N., Kaufman, D., Haeussler, P., Loso, M.G., De Batist, M., 2017. Varve formation during the past three centuries in three large proglacial lakes in south-central Alaska. GSA Bulletin 130, 757–774. Available at: https://doi.org/10.1130/B31792.1
",60.3917,-149.6019,Kenai
1842,36.88,"Boes, E., Van Daele, M., Moernaut, J., Schmidt, S., Jensen, B.J.L., Praet, N., Kaufman, D., Haeussler, P., Loso, M.G., De Batist, M., 2017. Varve formation during the past three centuries in three large proglacial lakes in south-central Alaska. GSA Bulletin 130, 757–774. Available at: https://doi.org/10.1130/B31792.1
",60.3917,-149.6019,Kenai
1841,34.79,"Boes, E., Van Daele, M., Moernaut, J., Schmidt, S., Jensen, B.J.L., Praet, N., Kaufman, D., Haeussler, P., Loso, M.G., De Batist, M., 2017. Varve formation during the past three centuries in three large proglacial lakes in south-central Alaska. GSA Bulletin 130, 757–774. Available at: https://doi.org/10.1130/B31792.1
",60.3917,-149.6019,Kenai
1840,67.98,"Boes, E., Van Daele, M., Moernaut, J., Schmidt, S., Jensen, B.J.L., Praet, N., Kaufman, D., Haeussler, P., Loso, M.G., De Batist, M., 2017. Varve formation during the past three centuries in three large proglacial lakes in south-central Alaska. GSA Bulletin 130, 757–774. Available at: https://doi.org/10.1130/B31792.1
",60.3917,-149.6019,Kenai
1839,50.5,"Boes, E., Van Daele, M., Moernaut, J., Schmidt, S., Jensen, B.J.L., Praet, N., Kaufman, D., Haeussler, P., Loso, M.G., De Batist, M., 2017. Varve formation during the past three centuries in three large proglacial lakes in south-central Alaska. GSA Bulletin 130, 757–774. Available at: https://doi.org/10.1130/B31792.1
",60.3917,-149.6019,Kenai
1838,34.56,"Boes, E., Van Daele, M., Moernaut, J., Schmidt, S., Jensen, B.J.L., Praet, N., Kaufman, D., Haeussler, P., Loso, M.G., De Batist, M., 2017. Varve formation during the past three centuries in three large proglacial lakes in south-central Alaska. GSA Bulletin 130, 757–774. Available at: https://doi.org/10.1130/B31792.1
",60.3917,-149.6019,Kenai
1837,35.56,"Boes, E., Van Daele, M., Moernaut, J., Schmidt, S., Jensen, B.J.L., Praet, N., Kaufman, D., Haeussler, P., Loso, M.G., De Batist, M., 2017. Varve formation during the past three centuries in three large proglacial lakes in south-central Alaska. GSA Bulletin 130, 757–774. Available at: https://doi.org/10.1130/B31792.1
",60.3917,-149.6019,Kenai
1836,27.62,"Boes, E., Van Daele, M., Moernaut, J., Schmidt, S., Jensen, B.J.L., Praet, N., Kaufman, D., Haeussler, P., Loso, M.G., De Batist, M., 2017. Varve formation during the past three centuries in three large proglacial lakes in south-central Alaska. GSA Bulletin 130, 757–774. Available at: https://doi.org/10.1130/B31792.1
",60.3917,-149.6019,Kenai
1835,27.41,"Boes, E., Van Daele, M., Moernaut, J., Schmidt, S., Jensen, B.J.L., Praet, N., Kaufman, D., Haeussler, P., Loso, M.G., De Batist, M., 2017. Varve formation during the past three centuries in three large proglacial lakes in south-central Alaska. GSA Bulletin 130, 757–774. Available at: https://doi.org/10.1130/B31792.1
",60.3917,-149.6019,Kenai
1834,35.74,"Boes, E., Van Daele, M., Moernaut, J., Schmidt, S., Jensen, B.J.L., Praet, N., Kaufman, D., Haeussler, P., Loso, M.G., De Batist, M., 2017. Varve formation during the past three centuries in three large proglacial lakes in south-central Alaska. GSA Bulletin 130, 757–774. Available at: https://doi.org/10.1130/B31792.1
",60.3917,-149.6019,Kenai
1833,41.56,"Boes, E., Van Daele, M., Moernaut, J., Schmidt, S., Jensen, B.J.L., Praet, N., Kaufman, D., Haeussler, P., Loso, M.G., De Batist, M., 2017. Varve formation during the past three centuries in three large proglacial lakes in south-central Alaska. GSA Bulletin 130, 757–774. Available at: https://doi.org/10.1130/B31792.1
",60.3917,-149.6019,Kenai
1832,38.18,"Boes, E., Van Daele, M., Moernaut, J., Schmidt, S., Jensen, B.J.L., Praet, N., Kaufman, D., Haeussler, P., Loso, M.G., De Batist, M., 2017. Varve formation during the past three centuries in three large proglacial lakes in south-central Alaska. GSA Bulletin 130, 757–774. Available at: https://doi.org/10.1130/B31792.1
",60.3917,-149.6019,Kenai
1831,28.14,"Boes, E., Van Daele, M., Moernaut, J., Schmidt, S., Jensen, B.J.L., Praet, N., Kaufman, D., Haeussler, P., Loso, M.G., De Batist, M., 2017. Varve formation during the past three centuries in three large proglacial lakes in south-central Alaska. GSA Bulletin 130, 757–774. Available at: https://doi.org/10.1130/B31792.1
",60.3917,-149.6019,Kenai
1830,26.31,"Boes, E., Van Daele, M., Moernaut, J., Schmidt, S., Jensen, B.J.L., Praet, N., Kaufman, D., Haeussler, P., Loso, M.G., De Batist, M., 2017. Varve formation during the past three centuries in three large proglacial lakes in south-central Alaska. GSA Bulletin 130, 757–774. Available at: https://doi.org/10.1130/B31792.1
",60.3917,-149.6019,Kenai
1829,52.17,"Boes, E., Van Daele, M., Moernaut, J., Schmidt, S., Jensen, B.J.L., Praet, N., Kaufman, D., Haeussler, P., Loso, M.G., De Batist, M., 2017. Varve formation during the past three centuries in three large proglacial lakes in south-central Alaska. GSA Bulletin 130, 757–774. Available at: https://doi.org/10.1130/B31792.1
",60.3917,-149.6019,Kenai
1828,73.34,"Boes, E., Van Daele, M., Moernaut, J., Schmidt, S., Jensen, B.J.L., Praet, N., Kaufman, D., Haeussler, P., Loso, M.G., De Batist, M., 2017. Varve formation during the past three centuries in three large proglacial lakes in south-central Alaska. GSA Bulletin 130, 757–774. Available at: https://doi.org/10.1130/B31792.1
",60.3917,-149.6019,Kenai
1827,55.63,"Boes, E., Van Daele, M., Moernaut, J., Schmidt, S., Jensen, B.J.L., Praet, N., Kaufman, D., Haeussler, P., Loso, M.G., De Batist, M., 2017. Varve formation during the past three centuries in three large proglacial lakes in south-central Alaska. GSA Bulletin 130, 757–774. Available at: https://doi.org/10.1130/B31792.1
",60.3917,-149.6019,Kenai
1826,32.05,"Boes, E., Van Daele, M., Moernaut, J., Schmidt, S., Jensen, B.J.L., Praet, N., Kaufman, D., Haeussler, P., Loso, M.G., De Batist, M., 2017. Varve formation during the past three centuries in three large proglacial lakes in south-central Alaska. GSA Bulletin 130, 757–774. Available at: https://doi.org/10.1130/B31792.1
",60.3917,-149.6019,Kenai
1825,52.6,"Boes, E., Van Daele, M., Moernaut, J., Schmidt, S., Jensen, B.J.L., Praet, N., Kaufman, D., Haeussler, P., Loso, M.G., De Batist, M., 2017. Varve formation during the past three centuries in three large proglacial lakes in south-central Alaska. GSA Bulletin 130, 757–774. Available at: https://doi.org/10.1130/B31792.1
",60.3917,-149.6019,Kenai
1824,37.61,"Boes, E., Van Daele, M., Moernaut, J., Schmidt, S., Jensen, B.J.L., Praet, N., Kaufman, D., Haeussler, P., Loso, M.G., De Batist, M., 2017. Varve formation during the past three centuries in three large proglacial lakes in south-central Alaska. GSA Bulletin 130, 757–774. Available at: https://doi.org/10.1130/B31792.1
",60.3917,-149.6019,Kenai
1823,15,"Boes, E., Van Daele, M., Moernaut, J., Schmidt, S., Jensen, B.J.L., Praet, N., Kaufman, D., Haeussler, P., Loso, M.G., De Batist, M., 2017. Varve formation during the past three centuries in three large proglacial lakes in south-central Alaska. GSA Bulletin 130, 757–774. Available at: https://doi.org/10.1130/B31792.1
",60.3917,-149.6019,Kenai
1822,17.58,"Boes, E., Van Daele, M., Moernaut, J., Schmidt, S., Jensen, B.J.L., Praet, N., Kaufman, D., Haeussler, P., Loso, M.G., De Batist, M., 2017. Varve formation during the past three centuries in three large proglacial lakes in south-central Alaska. GSA Bulletin 130, 757–774. Available at: https://doi.org/10.1130/B31792.1
",60.3917,-149.6019,Kenai
1821,28.39,"Boes, E., Van Daele, M., Moernaut, J., Schmidt, S., Jensen, B.J.L., Praet, N., Kaufman, D., Haeussler, P., Loso, M.G., De Batist, M., 2017. Varve formation during the past three centuries in three large proglacial lakes in south-central Alaska. GSA Bulletin 130, 757–774. Available at: https://doi.org/10.1130/B31792.1
",60.3917,-149.6019,Kenai
1820,32.48,"Boes, E., Van Daele, M., Moernaut, J., Schmidt, S., Jensen, B.J.L., Praet, N., Kaufman, D., Haeussler, P., Loso, M.G., De Batist, M., 2017. Varve formation during the past three centuries in three large proglacial lakes in south-central Alaska. GSA Bulletin 130, 757–774. Available at: https://doi.org/10.1130/B31792.1
",60.3917,-149.6019,Kenai
1819,22.74,"Boes, E., Van Daele, M., Moernaut, J., Schmidt, S., Jensen, B.J.L., Praet, N., Kaufman, D., Haeussler, P., Loso, M.G., De Batist, M., 2017. Varve formation during the past three centuries in three large proglacial lakes in south-central Alaska. GSA Bulletin 130, 757–774. Available at: https://doi.org/10.1130/B31792.1
",60.3917,-149.6019,Kenai
1818,20.37,"Boes, E., Van Daele, M., Moernaut, J., Schmidt, S., Jensen, B.J.L., Praet, N., Kaufman, D., Haeussler, P., Loso, M.G., De Batist, M., 2017. Varve formation during the past three centuries in three large proglacial lakes in south-central Alaska. GSA Bulletin 130, 757–774. Available at: https://doi.org/10.1130/B31792.1
",60.3917,-149.6019,Kenai
1817,40.99,"Boes, E., Van Daele, M., Moernaut, J., Schmidt, S., Jensen, B.J.L., Praet, N., Kaufman, D., Haeussler, P., Loso, M.G., De Batist, M., 2017. Varve formation during the past three centuries in three large proglacial lakes in south-central Alaska. GSA Bulletin 130, 757–774. Available at: https://doi.org/10.1130/B31792.1
",60.3917,-149.6019,Kenai
1816,45.59,"Boes, E., Van Daele, M., Moernaut, J., Schmidt, S., Jensen, B.J.L., Praet, N., Kaufman, D., Haeussler, P., Loso, M.G., De Batist, M., 2017. Varve formation during the past three centuries in three large proglacial lakes in south-central Alaska. GSA Bulletin 130, 757–774. Available at: https://doi.org/10.1130/B31792.1
",60.3917,-149.6019,Kenai
1815,62.49,"Boes, E., Van Daele, M., Moernaut, J., Schmidt, S., Jensen, B.J.L., Praet, N., Kaufman, D., Haeussler, P., Loso, M.G., De Batist, M., 2017. Varve formation during the past three centuries in three large proglacial lakes in south-central Alaska. GSA Bulletin 130, 757–774. Available at: https://doi.org/10.1130/B31792.1
",60.3917,-149.6019,Kenai
1814,49.31,"Boes, E., Van Daele, M., Moernaut, J., Schmidt, S., Jensen, B.J.L., Praet, N., Kaufman, D., Haeussler, P., Loso, M.G., De Batist, M., 2017. Varve formation during the past three centuries in three large proglacial lakes in south-central Alaska. GSA Bulletin 130, 757–774. Available at: https://doi.org/10.1130/B31792.1
",60.3917,-149.6019,Kenai
1813,23.05,"Boes, E., Van Daele, M., Moernaut, J., Schmidt, S., Jensen, B.J.L., Praet, N., Kaufman, D., Haeussler, P., Loso, M.G., De Batist, M., 2017. Varve formation during the past three centuries in three large proglacial lakes in south-central Alaska. GSA Bulletin 130, 757–774. Available at: https://doi.org/10.1130/B31792.1
",60.3917,-149.6019,Kenai
1812,48.82,"Boes, E., Van Daele, M., Moernaut, J., Schmidt, S., Jensen, B.J.L., Praet, N., Kaufman, D., Haeussler, P., Loso, M.G., De Batist, M., 2017. Varve formation during the past three centuries in three large proglacial lakes in south-central Alaska. GSA Bulletin 130, 757–774. Available at: https://doi.org/10.1130/B31792.1
",60.3917,-149.6019,Kenai
1811,32.48,"Boes, E., Van Daele, M., Moernaut, J., Schmidt, S., Jensen, B.J.L., Praet, N., Kaufman, D., Haeussler, P., Loso, M.G., De Batist, M., 2017. Varve formation during the past three centuries in three large proglacial lakes in south-central Alaska. GSA Bulletin 130, 757–774. Available at: https://doi.org/10.1130/B31792.1
",60.3917,-149.6019,Kenai
1810,11.7,"Boes, E., Van Daele, M., Moernaut, J., Schmidt, S., Jensen, B.J.L., Praet, N., Kaufman, D., Haeussler, P., Loso, M.G., De Batist, M., 2017. Varve formation during the past three centuries in three large proglacial lakes in south-central Alaska. GSA Bulletin 130, 757–774. Available at: https://doi.org/10.1130/B31792.1
",60.3917,-149.6019,Kenai
1809,18.37,"Boes, E., Van Daele, M., Moernaut, J., Schmidt, S., Jensen, B.J.L., Praet, N., Kaufman, D., Haeussler, P., Loso, M.G., De Batist, M., 2017. Varve formation during the past three centuries in three large proglacial lakes in south-central Alaska. GSA Bulletin 130, 757–774. Available at: https://doi.org/10.1130/B31792.1
",60.3917,-149.6019,Kenai
1808,38.11,"Boes, E., Van Daele, M., Moernaut, J., Schmidt, S., Jensen, B.J.L., Praet, N., Kaufman, D., Haeussler, P., Loso, M.G., De Batist, M., 2017. Varve formation during the past three centuries in three large proglacial lakes in south-central Alaska. GSA Bulletin 130, 757–774. Available at: https://doi.org/10.1130/B31792.1
",60.3917,-149.6019,Kenai
1807,35.58,"Boes, E., Van Daele, M., Moernaut, J., Schmidt, S., Jensen, B.J.L., Praet, N., Kaufman, D., Haeussler, P., Loso, M.G., De Batist, M., 2017. Varve formation during the past three centuries in three large proglacial lakes in south-central Alaska. GSA Bulletin 130, 757–774. Available at: https://doi.org/10.1130/B31792.1
",60.3917,-149.6019,Kenai
1806,40.59,"Boes, E., Van Daele, M., Moernaut, J., Schmidt, S., Jensen, B.J.L., Praet, N., Kaufman, D., Haeussler, P., Loso, M.G., De Batist, M., 2017. Varve formation during the past three centuries in three large proglacial lakes in south-central Alaska. GSA Bulletin 130, 757–774. Available at: https://doi.org/10.1130/B31792.1
",60.3917,-149.6019,Kenai
1805,32.09,"Boes, E., Van Daele, M., Moernaut, J., Schmidt, S., Jensen, B.J.L., Praet, N., Kaufman, D., Haeussler, P., Loso, M.G., De Batist, M., 2017. Varve formation during the past three centuries in three large proglacial lakes in south-central Alaska. GSA Bulletin 130, 757–774. Available at: https://doi.org/10.1130/B31792.1
",60.3917,-149.6019,Kenai
1804,18.68,"Boes, E., Van Daele, M., Moernaut, J., Schmidt, S., Jensen, B.J.L., Praet, N., Kaufman, D., Haeussler, P., Loso, M.G., De Batist, M., 2017. Varve formation during the past three centuries in three large proglacial lakes in south-central Alaska. GSA Bulletin 130, 757–774. Available at: https://doi.org/10.1130/B31792.1
",60.3917,-149.6019,Kenai
1803,23.05,"Boes, E., Van Daele, M., Moernaut, J., Schmidt, S., Jensen, B.J.L., Praet, N., Kaufman, D., Haeussler, P., Loso, M.G., De Batist, M., 2017. Varve formation during the past three centuries in three large proglacial lakes in south-central Alaska. GSA Bulletin 130, 757–774. Available at: https://doi.org/10.1130/B31792.1
",60.3917,-149.6019,Kenai
1802,16.83,"Boes, E., Van Daele, M., Moernaut, J., Schmidt, S., Jensen, B.J.L., Praet, N., Kaufman, D., Haeussler, P., Loso, M.G., De Batist, M., 2017. Varve formation during the past three centuries in three large proglacial lakes in south-central Alaska. GSA Bulletin 130, 757–774. Available at: https://doi.org/10.1130/B31792.1
",60.3917,-149.6019,Kenai
1801,13.99,"Boes, E., Van Daele, M., Moernaut, J., Schmidt, S., Jensen, B.J.L., Praet, N., Kaufman, D., Haeussler, P., Loso, M.G., De Batist, M., 2017. Varve formation during the past three centuries in three large proglacial lakes in south-central Alaska. GSA Bulletin 130, 757–774. Available at: https://doi.org/10.1130/B31792.1
",60.3917,-149.6019,Kenai
1800,27.33,"Boes, E., Van Daele, M., Moernaut, J., Schmidt, S., Jensen, B.J.L., Praet, N., Kaufman, D., Haeussler, P., Loso, M.G., De Batist, M., 2017. Varve formation during the past three centuries in three large proglacial lakes in south-central Alaska. GSA Bulletin 130, 757–774. Available at: https://doi.org/10.1130/B31792.1
",60.3917,-149.6019,Kenai
1799,10.72,"Boes, E., Van Daele, M., Moernaut, J., Schmidt, S., Jensen, B.J.L., Praet, N., Kaufman, D., Haeussler, P., Loso, M.G., De Batist, M., 2017. Varve formation during the past three centuries in three large proglacial lakes in south-central Alaska. GSA Bulletin 130, 757–774. Available at: https://doi.org/10.1130/B31792.1
",60.3917,-149.6019,Kenai
1798,54.7,"Boes, E., Van Daele, M., Moernaut, J., Schmidt, S., Jensen, B.J.L., Praet, N., Kaufman, D., Haeussler, P., Loso, M.G., De Batist, M., 2017. Varve formation during the past three centuries in three large proglacial lakes in south-central Alaska. GSA Bulletin 130, 757–774. Available at: https://doi.org/10.1130/B31792.1
",60.3917,-149.6019,Kenai
1797,50,"Boes, E., Van Daele, M., Moernaut, J., Schmidt, S., Jensen, B.J.L., Praet, N., Kaufman, D., Haeussler, P., Loso, M.G., De Batist, M., 2017. Varve formation during the past three centuries in three large proglacial lakes in south-central Alaska. GSA Bulletin 130, 757–774. Available at: https://doi.org/10.1130/B31792.1
",60.3917,-149.6019,Kenai
1796,34.46,"Boes, E., Van Daele, M., Moernaut, J., Schmidt, S., Jensen, B.J.L., Praet, N., Kaufman, D., Haeussler, P., Loso, M.G., De Batist, M., 2017. Varve formation during the past three centuries in three large proglacial lakes in south-central Alaska. GSA Bulletin 130, 757–774. Available at: https://doi.org/10.1130/B31792.1
",60.3917,-149.6019,Kenai
1795,17.95,"Boes, E., Van Daele, M., Moernaut, J., Schmidt, S., Jensen, B.J.L., Praet, N., Kaufman, D., Haeussler, P., Loso, M.G., De Batist, M., 2017. Varve formation during the past three centuries in three large proglacial lakes in south-central Alaska. GSA Bulletin 130, 757–774. Available at: https://doi.org/10.1130/B31792.1
",60.3917,-149.6019,Kenai
1794,36.87,"Boes, E., Van Daele, M., Moernaut, J., Schmidt, S., Jensen, B.J.L., Praet, N., Kaufman, D., Haeussler, P., Loso, M.G., De Batist, M., 2017. Varve formation during the past three centuries in three large proglacial lakes in south-central Alaska. GSA Bulletin 130, 757–774. Available at: https://doi.org/10.1130/B31792.1
",60.3917,-149.6019,Kenai
1793,83.25,"Boes, E., Van Daele, M., Moernaut, J., Schmidt, S., Jensen, B.J.L., Praet, N., Kaufman, D., Haeussler, P., Loso, M.G., De Batist, M., 2017. Varve formation during the past three centuries in three large proglacial lakes in south-central Alaska. GSA Bulletin 130, 757–774. Available at: https://doi.org/10.1130/B31792.1
",60.3917,-149.6019,Kenai
1792,26.27,"Boes, E., Van Daele, M., Moernaut, J., Schmidt, S., Jensen, B.J.L., Praet, N., Kaufman, D., Haeussler, P., Loso, M.G., De Batist, M., 2017. Varve formation during the past three centuries in three large proglacial lakes in south-central Alaska. GSA Bulletin 130, 757–774. Available at: https://doi.org/10.1130/B31792.1
",60.3917,-149.6019,Kenai
1791,34.46,"Boes, E., Van Daele, M., Moernaut, J., Schmidt, S., Jensen, B.J.L., Praet, N., Kaufman, D., Haeussler, P., Loso, M.G., De Batist, M., 2017. Varve formation during the past three centuries in three large proglacial lakes in south-central Alaska. GSA Bulletin 130, 757–774. Available at: https://doi.org/10.1130/B31792.1
",60.3917,-149.6019,Kenai
1790,50,"Boes, E., Van Daele, M., Moernaut, J., Schmidt, S., Jensen, B.J.L., Praet, N., Kaufman, D., Haeussler, P., Loso, M.G., De Batist, M., 2017. Varve formation during the past three centuries in three large proglacial lakes in south-central Alaska. GSA Bulletin 130, 757–774. Available at: https://doi.org/10.1130/B31792.1
",60.3917,-149.6019,Kenai
1789,13.13,"Boes, E., Van Daele, M., Moernaut, J., Schmidt, S., Jensen, B.J.L., Praet, N., Kaufman, D., Haeussler, P., Loso, M.G., De Batist, M., 2017. Varve formation during the past three centuries in three large proglacial lakes in south-central Alaska. GSA Bulletin 130, 757–774. Available at: https://doi.org/10.1130/B31792.1
",60.3917,-149.6019,Kenai
1788,15.42,"Boes, E., Van Daele, M., Moernaut, J., Schmidt, S., Jensen, B.J.L., Praet, N., Kaufman, D., Haeussler, P., Loso, M.G., De Batist, M., 2017. Varve formation during the past three centuries in three large proglacial lakes in south-central Alaska. GSA Bulletin 130, 757–774. Available at: https://doi.org/10.1130/B31792.1
",60.3917,-149.6019,Kenai
1787,28.55,"Boes, E., Van Daele, M., Moernaut, J., Schmidt, S., Jensen, B.J.L., Praet, N., Kaufman, D., Haeussler, P., Loso, M.G., De Batist, M., 2017. Varve formation during the past three centuries in three large proglacial lakes in south-central Alaska. GSA Bulletin 130, 757–774. Available at: https://doi.org/10.1130/B31792.1
",60.3917,-149.6019,Kenai
1786,13.13,"Boes, E., Van Daele, M., Moernaut, J., Schmidt, S., Jensen, B.J.L., Praet, N., Kaufman, D., Haeussler, P., Loso, M.G., De Batist, M., 2017. Varve formation during the past three centuries in three large proglacial lakes in south-central Alaska. GSA Bulletin 130, 757–774. Available at: https://doi.org/10.1130/B31792.1
",60.3917,-149.6019,Kenai
1785,8.31,"Boes, E., Van Daele, M., Moernaut, J., Schmidt, S., Jensen, B.J.L., Praet, N., Kaufman, D., Haeussler, P., Loso, M.G., De Batist, M., 2017. Varve formation during the past three centuries in three large proglacial lakes in south-central Alaska. GSA Bulletin 130, 757–774. Available at: https://doi.org/10.1130/B31792.1
",60.3917,-149.6019,Kenai
1784,26.15,"Boes, E., Van Daele, M., Moernaut, J., Schmidt, S., Jensen, B.J.L., Praet, N., Kaufman, D., Haeussler, P., Loso, M.G., De Batist, M., 2017. Varve formation during the past three centuries in three large proglacial lakes in south-central Alaska. GSA Bulletin 130, 757–774. Available at: https://doi.org/10.1130/B31792.1
",60.3917,-149.6019,Kenai
1783,11.93,"Boes, E., Van Daele, M., Moernaut, J., Schmidt, S., Jensen, B.J.L., Praet, N., Kaufman, D., Haeussler, P., Loso, M.G., De Batist, M., 2017. Varve formation during the past three centuries in three large proglacial lakes in south-central Alaska. GSA Bulletin 130, 757–774. Available at: https://doi.org/10.1130/B31792.1
",60.3917,-149.6019,Kenai
1782,20.24,"Boes, E., Van Daele, M., Moernaut, J., Schmidt, S., Jensen, B.J.L., Praet, N., Kaufman, D., Haeussler, P., Loso, M.G., De Batist, M., 2017. Varve formation during the past three centuries in three large proglacial lakes in south-central Alaska. GSA Bulletin 130, 757–774. Available at: https://doi.org/10.1130/B31792.1
",60.3917,-149.6019,Kenai
1781,33.37,"Boes, E., Van Daele, M., Moernaut, J., Schmidt, S., Jensen, B.J.L., Praet, N., Kaufman, D., Haeussler, P., Loso, M.G., De Batist, M., 2017. Varve formation during the past three centuries in three large proglacial lakes in south-central Alaska. GSA Bulletin 130, 757–774. Available at: https://doi.org/10.1130/B31792.1
",60.3917,-149.6019,Kenai
1780,52.29,"Boes, E., Van Daele, M., Moernaut, J., Schmidt, S., Jensen, B.J.L., Praet, N., Kaufman, D., Haeussler, P., Loso, M.G., De Batist, M., 2017. Varve formation during the past three centuries in three large proglacial lakes in south-central Alaska. GSA Bulletin 130, 757–774. Available at: https://doi.org/10.1130/B31792.1
",60.3917,-149.6019,Kenai
1779,28.55,"Boes, E., Van Daele, M., Moernaut, J., Schmidt, S., Jensen, B.J.L., Praet, N., Kaufman, D., Haeussler, P., Loso, M.G., De Batist, M., 2017. Varve formation during the past three centuries in three large proglacial lakes in south-central Alaska. GSA Bulletin 130, 757–774. Available at: https://doi.org/10.1130/B31792.1
",60.3917,-149.6019,Kenai
1778,9.52,"Boes, E., Van Daele, M., Moernaut, J., Schmidt, S., Jensen, B.J.L., Praet, N., Kaufman, D., Haeussler, P., Loso, M.G., De Batist, M., 2017. Varve formation during the past three centuries in three large proglacial lakes in south-central Alaska. GSA Bulletin 130, 757–774. Available at: https://doi.org/10.1130/B31792.1
",60.3917,-149.6019,Kenai
1777,8.31,"Boes, E., Van Daele, M., Moernaut, J., Schmidt, S., Jensen, B.J.L., Praet, N., Kaufman, D., Haeussler, P., Loso, M.G., De Batist, M., 2017. Varve formation during the past three centuries in three large proglacial lakes in south-central Alaska. GSA Bulletin 130, 757–774. Available at: https://doi.org/10.1130/B31792.1
",60.3917,-149.6019,Kenai
1776,7.77,"Boes, E., Van Daele, M., Moernaut, J., Schmidt, S., Jensen, B.J.L., Praet, N., Kaufman, D., Haeussler, P., Loso, M.G., De Batist, M., 2017. Varve formation during the past three centuries in three large proglacial lakes in south-central Alaska. GSA Bulletin 130, 757–774. Available at: https://doi.org/10.1130/B31792.1
",60.3917,-149.6019,Kenai
1775,14.22,"Boes, E., Van Daele, M., Moernaut, J., Schmidt, S., Jensen, B.J.L., Praet, N., Kaufman, D., Haeussler, P., Loso, M.G., De Batist, M., 2017. Varve formation during the past three centuries in three large proglacial lakes in south-central Alaska. GSA Bulletin 130, 757–774. Available at: https://doi.org/10.1130/B31792.1
",60.3917,-149.6019,Kenai
1774,0,"Boes, E., Van Daele, M., Moernaut, J., Schmidt, S., Jensen, B.J.L., Praet, N., Kaufman, D., Haeussler, P., Loso, M.G., De Batist, M., 2017. Varve formation during the past three centuries in three large proglacial lakes in south-central Alaska. GSA Bulletin 130, 757–774. Available at: https://doi.org/10.1130/B31792.1
",60.3917,-149.6019,Kenai
1773,13.13,"Boes, E., Van Daele, M., Moernaut, J., Schmidt, S., Jensen, B.J.L., Praet, N., Kaufman, D., Haeussler, P., Loso, M.G., De Batist, M., 2017. Varve formation during the past three centuries in three large proglacial lakes in south-central Alaska. GSA Bulletin 130, 757–774. Available at: https://doi.org/10.1130/B31792.1
",60.3917,-149.6019,Kenai
1772,19.04,"Boes, E., Van Daele, M., Moernaut, J., Schmidt, S., Jensen, B.J.L., Praet, N., Kaufman, D., Haeussler, P., Loso, M.G., De Batist, M., 2017. Varve formation during the past three centuries in three large proglacial lakes in south-central Alaska. GSA Bulletin 130, 757–774. Available at: https://doi.org/10.1130/B31792.1
",60.3917,-149.6019,Kenai
1771,5.9,"Boes, E., Van Daele, M., Moernaut, J., Schmidt, S., Jensen, B.J.L., Praet, N., Kaufman, D., Haeussler, P., Loso, M.G., De Batist, M., 2017. Varve formation during the past three centuries in three large proglacial lakes in south-central Alaska. GSA Bulletin 130, 757–774. Available at: https://doi.org/10.1130/B31792.1
",60.3917,-149.6019,Kenai
1770,7.11,"Boes, E., Van Daele, M., Moernaut, J., Schmidt, S., Jensen, B.J.L., Praet, N., Kaufman, D., Haeussler, P., Loso, M.G., De Batist, M., 2017. Varve formation during the past three centuries in three large proglacial lakes in south-central Alaska. GSA Bulletin 130, 757–774. Available at: https://doi.org/10.1130/B31792.1
",60.3917,-149.6019,Kenai
1769,10.72,"Boes, E., Van Daele, M., Moernaut, J., Schmidt, S., Jensen, B.J.L., Praet, N., Kaufman, D., Haeussler, P., Loso, M.G., De Batist, M., 2017. Varve formation during the past three centuries in three large proglacial lakes in south-central Alaska. GSA Bulletin 130, 757–774. Available at: https://doi.org/10.1130/B31792.1
",60.3917,-149.6019,Kenai
1768,16.75,"Boes, E., Van Daele, M., Moernaut, J., Schmidt, S., Jensen, B.J.L., Praet, N., Kaufman, D., Haeussler, P., Loso, M.G., De Batist, M., 2017. Varve formation during the past three centuries in three large proglacial lakes in south-central Alaska. GSA Bulletin 130, 757–774. Available at: https://doi.org/10.1130/B31792.1
",60.3917,-149.6019,Kenai
1767,17.83,"Boes, E., Van Daele, M., Moernaut, J., Schmidt, S., Jensen, B.J.L., Praet, N., Kaufman, D., Haeussler, P., Loso, M.G., De Batist, M., 2017. Varve formation during the past three centuries in three large proglacial lakes in south-central Alaska. GSA Bulletin 130, 757–774. Available at: https://doi.org/10.1130/B31792.1
",60.3917,-149.6019,Kenai
1766,43.98,"Boes, E., Van Daele, M., Moernaut, J., Schmidt, S., Jensen, B.J.L., Praet, N., Kaufman, D., Haeussler, P., Loso, M.G., De Batist, M., 2017. Varve formation during the past three centuries in three large proglacial lakes in south-central Alaska. GSA Bulletin 130, 757–774. Available at: https://doi.org/10.1130/B31792.1
",60.3917,-149.6019,Kenai
1765,27.35,"Boes, E., Van Daele, M., Moernaut, J., Schmidt, S., Jensen, B.J.L., Praet, N., Kaufman, D., Haeussler, P., Loso, M.G., De Batist, M., 2017. Varve formation during the past three centuries in three large proglacial lakes in south-central Alaska. GSA Bulletin 130, 757–774. Available at: https://doi.org/10.1130/B31792.1
",60.3917,-149.6019,Kenai
1764,28.68,"Boes, E., Van Daele, M., Moernaut, J., Schmidt, S., Jensen, B.J.L., Praet, N., Kaufman, D., Haeussler, P., Loso, M.G., De Batist, M., 2017. Varve formation during the past three centuries in three large proglacial lakes in south-central Alaska. GSA Bulletin 130, 757–774. Available at: https://doi.org/10.1130/B31792.1
",60.3917,-149.6019,Kenai
1763,27.35,"Boes, E., Van Daele, M., Moernaut, J., Schmidt, S., Jensen, B.J.L., Praet, N., Kaufman, D., Haeussler, P., Loso, M.G., De Batist, M., 2017. Varve formation during the past three centuries in three large proglacial lakes in south-central Alaska. GSA Bulletin 130, 757–774. Available at: https://doi.org/10.1130/B31792.1
",60.3917,-149.6019,Kenai
1762,59.52,"Boes, E., Van Daele, M., Moernaut, J., Schmidt, S., Jensen, B.J.L., Praet, N., Kaufman, D., Haeussler, P., Loso, M.G., De Batist, M., 2017. Varve formation during the past three centuries in three large proglacial lakes in south-central Alaska. GSA Bulletin 130, 757–774. Available at: https://doi.org/10.1130/B31792.1
",60.3917,-149.6019,Kenai
1761,26.15,"Boes, E., Van Daele, M., Moernaut, J., Schmidt, S., Jensen, B.J.L., Praet, N., Kaufman, D., Haeussler, P., Loso, M.G., De Batist, M., 2017. Varve formation during the past three centuries in three large proglacial lakes in south-central Alaska. GSA Bulletin 130, 757–774. Available at: https://doi.org/10.1130/B31792.1
",60.3917,-149.6019,Kenai
1760,29.76,"Boes, E., Van Daele, M., Moernaut, J., Schmidt, S., Jensen, B.J.L., Praet, N., Kaufman, D., Haeussler, P., Loso, M.G., De Batist, M., 2017. Varve formation during the past three centuries in three large proglacial lakes in south-central Alaska. GSA Bulletin 130, 757–774. Available at: https://doi.org/10.1130/B31792.1
",60.3917,-149.6019,Kenai
1759,21.45,"Boes, E., Van Daele, M., Moernaut, J., Schmidt, S., Jensen, B.J.L., Praet, N., Kaufman, D., Haeussler, P., Loso, M.G., De Batist, M., 2017. Varve formation during the past three centuries in three large proglacial lakes in south-central Alaska. GSA Bulletin 130, 757–774. Available at: https://doi.org/10.1130/B31792.1
",60.3917,-149.6019,Kenai
1758,30.96,"Boes, E., Van Daele, M., Moernaut, J., Schmidt, S., Jensen, B.J.L., Praet, N., Kaufman, D., Haeussler, P., Loso, M.G., De Batist, M., 2017. Varve formation during the past three centuries in three large proglacial lakes in south-central Alaska. GSA Bulletin 130, 757–774. Available at: https://doi.org/10.1130/B31792.1
",60.3917,-149.6019,Kenai
1757,23.74,"Boes, E., Van Daele, M., Moernaut, J., Schmidt, S., Jensen, B.J.L., Praet, N., Kaufman, D., Haeussler, P., Loso, M.G., De Batist, M., 2017. Varve formation during the past three centuries in three large proglacial lakes in south-central Alaska. GSA Bulletin 130, 757–774. Available at: https://doi.org/10.1130/B31792.1
",60.3917,-149.6019,Kenai
1756,34.58,"Boes, E., Van Daele, M., Moernaut, J., Schmidt, S., Jensen, B.J.L., Praet, N., Kaufman, D., Haeussler, P., Loso, M.G., De Batist, M., 2017. Varve formation during the past three centuries in three large proglacial lakes in south-central Alaska. GSA Bulletin 130, 757–774. Available at: https://doi.org/10.1130/B31792.1
",60.3917,-149.6019,Kenai
1755,19.04,"Boes, E., Van Daele, M., Moernaut, J., Schmidt, S., Jensen, B.J.L., Praet, N., Kaufman, D., Haeussler, P., Loso, M.G., De Batist, M., 2017. Varve formation during the past three centuries in three large proglacial lakes in south-central Alaska. GSA Bulletin 130, 757–774. Available at: https://doi.org/10.1130/B31792.1
",60.3917,-149.6019,Kenai
1754,11.81,"Boes, E., Van Daele, M., Moernaut, J., Schmidt, S., Jensen, B.J.L., Praet, N., Kaufman, D., Haeussler, P., Loso, M.G., De Batist, M., 2017. Varve formation during the past three centuries in three large proglacial lakes in south-central Alaska. GSA Bulletin 130, 757–774. Available at: https://doi.org/10.1130/B31792.1
",60.3917,-149.6019,Kenai
1753,19.16,"Boes, E., Van Daele, M., Moernaut, J., Schmidt, S., Jensen, B.J.L., Praet, N., Kaufman, D., Haeussler, P., Loso, M.G., De Batist, M., 2017. Varve formation during the past three centuries in three large proglacial lakes in south-central Alaska. GSA Bulletin 130, 757–774. Available at: https://doi.org/10.1130/B31792.1
",60.3917,-149.6019,Kenai
1752,14.22,"Boes, E., Van Daele, M., Moernaut, J., Schmidt, S., Jensen, B.J.L., Praet, N., Kaufman, D., Haeussler, P., Loso, M.G., De Batist, M., 2017. Varve formation during the past three centuries in three large proglacial lakes in south-central Alaska. GSA Bulletin 130, 757–774. Available at: https://doi.org/10.1130/B31792.1
",60.3917,-149.6019,Kenai
1751,14.22,"Boes, E., Van Daele, M., Moernaut, J., Schmidt, S., Jensen, B.J.L., Praet, N., Kaufman, D., Haeussler, P., Loso, M.G., De Batist, M., 2017. Varve formation during the past three centuries in three large proglacial lakes in south-central Alaska. GSA Bulletin 130, 757–774. Available at: https://doi.org/10.1130/B31792.1
",60.3917,-149.6019,Kenai
NA,NA,"Boes, E., Van Daele, M., Moernaut, J., Schmidt, S., Jensen, B.J.L., Praet, N., Kaufman, D., Haeussler, P., Loso, M.G., De Batist, M., 2017. Varve formation during the past three centuries in three large proglacial lakes in south-central Alaska. GSA Bulletin 130, 757–774. Available at: https://doi.org/10.1130/B31792.1
",60.3917,-149.6019,Kenai
NA,NA,"Boes, E., Van Daele, M., Moernaut, J., Schmidt, S., Jensen, B.J.L., Praet, N., Kaufman, D., Haeussler, P., Loso, M.G., De Batist, M., 2017. Varve formation during the past three centuries in three large proglacial lakes in south-central Alaska. GSA Bulletin 130, 757–774. Available at: https://doi.org/10.1130/B31792.1
",60.3917,-149.6019,Kenai
