age_CE,ref,lon,lat,varve_thick,lake_name
2012,"Boes, E., Van Daele, M., Moernaut, J., Schmidt, S., Jensen, B.J.L., Praet, N., Kaufman, D., Haeussler, P., Loso, M.G., De Batist, M., 2017. Varve formation during the past three centuries in three large proglacial lakes in south-central Alaska. GSA Bulletin 130, 757–774. https://doi.org/10.1130/B31792.1",-150.304341827754,60.4019845346655,0.8300000000000001,Skilak
2011,"Boes, E., Van Daele, M., Moernaut, J., Schmidt, S., Jensen, B.J.L., Praet, N., Kaufman, D., Haeussler, P., Loso, M.G., De Batist, M., 2017. Varve formation during the past three centuries in three large proglacial lakes in south-central Alaska. GSA Bulletin 130, 757–774. https://doi.org/10.1130/B31792.1",-150.304341827754,60.4019845346655,1.37,Skilak
2010,"Boes, E., Van Daele, M., Moernaut, J., Schmidt, S., Jensen, B.J.L., Praet, N., Kaufman, D., Haeussler, P., Loso, M.G., De Batist, M., 2017. Varve formation during the past three centuries in three large proglacial lakes in south-central Alaska. GSA Bulletin 130, 757–774. https://doi.org/10.1130/B31792.1",-150.304341827754,60.4019845346655,1.92,Skilak
2009,"Boes, E., Van Daele, M., Moernaut, J., Schmidt, S., Jensen, B.J.L., Praet, N., Kaufman, D., Haeussler, P., Loso, M.G., De Batist, M., 2017. Varve formation during the past three centuries in three large proglacial lakes in south-central Alaska. GSA Bulletin 130, 757–774. https://doi.org/10.1130/B31792.1",-150.304341827754,60.4019845346655,1.92,Skilak
2008,"Boes, E., Van Daele, M., Moernaut, J., Schmidt, S., Jensen, B.J.L., Praet, N., Kaufman, D., Haeussler, P., Loso, M.G., De Batist, M., 2017. Varve formation during the past three centuries in three large proglacial lakes in south-central Alaska. GSA Bulletin 130, 757–774. https://doi.org/10.1130/B31792.1",-150.304341827754,60.4019845346655,1.9100000000000001,Skilak
2007,"Boes, E., Van Daele, M., Moernaut, J., Schmidt, S., Jensen, B.J.L., Praet, N., Kaufman, D., Haeussler, P., Loso, M.G., De Batist, M., 2017. Varve formation during the past three centuries in three large proglacial lakes in south-central Alaska. GSA Bulletin 130, 757–774. https://doi.org/10.1130/B31792.1",-150.304341827754,60.4019845346655,1.6500000000000001,Skilak
2006,"Boes, E., Van Daele, M., Moernaut, J., Schmidt, S., Jensen, B.J.L., Praet, N., Kaufman, D., Haeussler, P., Loso, M.G., De Batist, M., 2017. Varve formation during the past three centuries in three large proglacial lakes in south-central Alaska. GSA Bulletin 130, 757–774. https://doi.org/10.1130/B31792.1",-150.304341827754,60.4019845346655,1.7799999999999998,Skilak
2005,"Boes, E., Van Daele, M., Moernaut, J., Schmidt, S., Jensen, B.J.L., Praet, N., Kaufman, D., Haeussler, P., Loso, M.G., De Batist, M., 2017. Varve formation during the past three centuries in three large proglacial lakes in south-central Alaska. GSA Bulletin 130, 757–774. https://doi.org/10.1130/B31792.1",-150.304341827754,60.4019845346655,1.6500000000000001,Skilak
2004,"Boes, E., Van Daele, M., Moernaut, J., Schmidt, S., Jensen, B.J.L., Praet, N., Kaufman, D., Haeussler, P., Loso, M.G., De Batist, M., 2017. Varve formation during the past three centuries in three large proglacial lakes in south-central Alaska. GSA Bulletin 130, 757–774. https://doi.org/10.1130/B31792.1",-150.304341827754,60.4019845346655,1.5,Skilak
2003,"Boes, E., Van Daele, M., Moernaut, J., Schmidt, S., Jensen, B.J.L., Praet, N., Kaufman, D., Haeussler, P., Loso, M.G., De Batist, M., 2017. Varve formation during the past three centuries in three large proglacial lakes in south-central Alaska. GSA Bulletin 130, 757–774. https://doi.org/10.1130/B31792.1",-150.304341827754,60.4019845346655,1.6500000000000001,Skilak
2002,"Boes, E., Van Daele, M., Moernaut, J., Schmidt, S., Jensen, B.J.L., Praet, N., Kaufman, D., Haeussler, P., Loso, M.G., De Batist, M., 2017. Varve formation during the past three centuries in three large proglacial lakes in south-central Alaska. GSA Bulletin 130, 757–774. https://doi.org/10.1130/B31792.1",-150.304341827754,60.4019845346655,1.6400000000000001,Skilak
2001,"Boes, E., Van Daele, M., Moernaut, J., Schmidt, S., Jensen, B.J.L., Praet, N., Kaufman, D., Haeussler, P., Loso, M.G., De Batist, M., 2017. Varve formation during the past three centuries in three large proglacial lakes in south-central Alaska. GSA Bulletin 130, 757–774. https://doi.org/10.1130/B31792.1",-150.304341827754,60.4019845346655,2.4699999999999998,Skilak
2000,"Boes, E., Van Daele, M., Moernaut, J., Schmidt, S., Jensen, B.J.L., Praet, N., Kaufman, D., Haeussler, P., Loso, M.G., De Batist, M., 2017. Varve formation during the past three centuries in three large proglacial lakes in south-central Alaska. GSA Bulletin 130, 757–774. https://doi.org/10.1130/B31792.1",-150.304341827754,60.4019845346655,1.92,Skilak
1999,"Boes, E., Van Daele, M., Moernaut, J., Schmidt, S., Jensen, B.J.L., Praet, N., Kaufman, D., Haeussler, P., Loso, M.G., De Batist, M., 2017. Varve formation during the past three centuries in three large proglacial lakes in south-central Alaska. GSA Bulletin 130, 757–774. https://doi.org/10.1130/B31792.1",-150.304341827754,60.4019845346655,2.19,Skilak
1998,"Boes, E., Van Daele, M., Moernaut, J., Schmidt, S., Jensen, B.J.L., Praet, N., Kaufman, D., Haeussler, P., Loso, M.G., De Batist, M., 2017. Varve formation during the past three centuries in three large proglacial lakes in south-central Alaska. GSA Bulletin 130, 757–774. https://doi.org/10.1130/B31792.1",-150.304341827754,60.4019845346655,1.7799999999999998,Skilak
1997,"Boes, E., Van Daele, M., Moernaut, J., Schmidt, S., Jensen, B.J.L., Praet, N., Kaufman, D., Haeussler, P., Loso, M.G., De Batist, M., 2017. Varve formation during the past three centuries in three large proglacial lakes in south-central Alaska. GSA Bulletin 130, 757–774. https://doi.org/10.1130/B31792.1",-150.304341827754,60.4019845346655,2.2,Skilak
1996,"Boes, E., Van Daele, M., Moernaut, J., Schmidt, S., Jensen, B.J.L., Praet, N., Kaufman, D., Haeussler, P., Loso, M.G., De Batist, M., 2017. Varve formation during the past three centuries in three large proglacial lakes in south-central Alaska. GSA Bulletin 130, 757–774. https://doi.org/10.1130/B31792.1",-150.304341827754,60.4019845346655,1.7799999999999998,Skilak
1995,"Boes, E., Van Daele, M., Moernaut, J., Schmidt, S., Jensen, B.J.L., Praet, N., Kaufman, D., Haeussler, P., Loso, M.G., De Batist, M., 2017. Varve formation during the past three centuries in three large proglacial lakes in south-central Alaska. GSA Bulletin 130, 757–774. https://doi.org/10.1130/B31792.1",-150.304341827754,60.4019845346655,2.05,Skilak
1994,"Boes, E., Van Daele, M., Moernaut, J., Schmidt, S., Jensen, B.J.L., Praet, N., Kaufman, D., Haeussler, P., Loso, M.G., De Batist, M., 2017. Varve formation during the past three centuries in three large proglacial lakes in south-central Alaska. GSA Bulletin 130, 757–774. https://doi.org/10.1130/B31792.1",-150.304341827754,60.4019845346655,1.79,Skilak
1993,"Boes, E., Van Daele, M., Moernaut, J., Schmidt, S., Jensen, B.J.L., Praet, N., Kaufman, D., Haeussler, P., Loso, M.G., De Batist, M., 2017. Varve formation during the past three centuries in three large proglacial lakes in south-central Alaska. GSA Bulletin 130, 757–774. https://doi.org/10.1130/B31792.1",-150.304341827754,60.4019845346655,2.05,Skilak
1992,"Boes, E., Van Daele, M., Moernaut, J., Schmidt, S., Jensen, B.J.L., Praet, N., Kaufman, D., Haeussler, P., Loso, M.G., De Batist, M., 2017. Varve formation during the past three centuries in three large proglacial lakes in south-central Alaska. GSA Bulletin 130, 757–774. https://doi.org/10.1130/B31792.1",-150.304341827754,60.4019845346655,1.6500000000000001,Skilak
1991,"Boes, E., Van Daele, M., Moernaut, J., Schmidt, S., Jensen, B.J.L., Praet, N., Kaufman, D., Haeussler, P., Loso, M.G., De Batist, M., 2017. Varve formation during the past three centuries in three large proglacial lakes in south-central Alaska. GSA Bulletin 130, 757–774. https://doi.org/10.1130/B31792.1",-150.304341827754,60.4019845346655,1.6400000000000001,Skilak
1990,"Boes, E., Van Daele, M., Moernaut, J., Schmidt, S., Jensen, B.J.L., Praet, N., Kaufman, D., Haeussler, P., Loso, M.G., De Batist, M., 2017. Varve formation during the past three centuries in three large proglacial lakes in south-central Alaska. GSA Bulletin 130, 757–774. https://doi.org/10.1130/B31792.1",-150.304341827754,60.4019845346655,1.23,Skilak
1989,"Boes, E., Van Daele, M., Moernaut, J., Schmidt, S., Jensen, B.J.L., Praet, N., Kaufman, D., Haeussler, P., Loso, M.G., De Batist, M., 2017. Varve formation during the past three centuries in three large proglacial lakes in south-central Alaska. GSA Bulletin 130, 757–774. https://doi.org/10.1130/B31792.1",-150.304341827754,60.4019845346655,2.88,Skilak
1988,"Boes, E., Van Daele, M., Moernaut, J., Schmidt, S., Jensen, B.J.L., Praet, N., Kaufman, D., Haeussler, P., Loso, M.G., De Batist, M., 2017. Varve formation during the past three centuries in three large proglacial lakes in south-central Alaska. GSA Bulletin 130, 757–774. https://doi.org/10.1130/B31792.1",-150.304341827754,60.4019845346655,2.06,Skilak
1987,"Boes, E., Van Daele, M., Moernaut, J., Schmidt, S., Jensen, B.J.L., Praet, N., Kaufman, D., Haeussler, P., Loso, M.G., De Batist, M., 2017. Varve formation during the past three centuries in three large proglacial lakes in south-central Alaska. GSA Bulletin 130, 757–774. https://doi.org/10.1130/B31792.1",-150.304341827754,60.4019845346655,1.92,Skilak
1986,"Boes, E., Van Daele, M., Moernaut, J., Schmidt, S., Jensen, B.J.L., Praet, N., Kaufman, D., Haeussler, P., Loso, M.G., De Batist, M., 2017. Varve formation during the past three centuries in three large proglacial lakes in south-central Alaska. GSA Bulletin 130, 757–774. https://doi.org/10.1130/B31792.1",-150.304341827754,60.4019845346655,1.7799999999999998,Skilak
1985,"Boes, E., Van Daele, M., Moernaut, J., Schmidt, S., Jensen, B.J.L., Praet, N., Kaufman, D., Haeussler, P., Loso, M.G., De Batist, M., 2017. Varve formation during the past three centuries in three large proglacial lakes in south-central Alaska. GSA Bulletin 130, 757–774. https://doi.org/10.1130/B31792.1",-150.304341827754,60.4019845346655,1.6400000000000001,Skilak
1984,"Boes, E., Van Daele, M., Moernaut, J., Schmidt, S., Jensen, B.J.L., Praet, N., Kaufman, D., Haeussler, P., Loso, M.G., De Batist, M., 2017. Varve formation during the past three centuries in three large proglacial lakes in south-central Alaska. GSA Bulletin 130, 757–774. https://doi.org/10.1130/B31792.1",-150.304341827754,60.4019845346655,1.79,Skilak
1983,"Boes, E., Van Daele, M., Moernaut, J., Schmidt, S., Jensen, B.J.L., Praet, N., Kaufman, D., Haeussler, P., Loso, M.G., De Batist, M., 2017. Varve formation during the past three centuries in three large proglacial lakes in south-central Alaska. GSA Bulletin 130, 757–774. https://doi.org/10.1130/B31792.1",-150.304341827754,60.4019845346655,2.05,Skilak
1982,"Boes, E., Van Daele, M., Moernaut, J., Schmidt, S., Jensen, B.J.L., Praet, N., Kaufman, D., Haeussler, P., Loso, M.G., De Batist, M., 2017. Varve formation during the past three centuries in three large proglacial lakes in south-central Alaska. GSA Bulletin 130, 757–774. https://doi.org/10.1130/B31792.1",-150.304341827754,60.4019845346655,3.15,Skilak
1981,"Boes, E., Van Daele, M., Moernaut, J., Schmidt, S., Jensen, B.J.L., Praet, N., Kaufman, D., Haeussler, P., Loso, M.G., De Batist, M., 2017. Varve formation during the past three centuries in three large proglacial lakes in south-central Alaska. GSA Bulletin 130, 757–774. https://doi.org/10.1130/B31792.1",-150.304341827754,60.4019845346655,2.88,Skilak
1980,"Boes, E., Van Daele, M., Moernaut, J., Schmidt, S., Jensen, B.J.L., Praet, N., Kaufman, D., Haeussler, P., Loso, M.G., De Batist, M., 2017. Varve formation during the past three centuries in three large proglacial lakes in south-central Alaska. GSA Bulletin 130, 757–774. https://doi.org/10.1130/B31792.1",-150.304341827754,60.4019845346655,3.02,Skilak
1979,"Boes, E., Van Daele, M., Moernaut, J., Schmidt, S., Jensen, B.J.L., Praet, N., Kaufman, D., Haeussler, P., Loso, M.G., De Batist, M., 2017. Varve formation during the past three centuries in three large proglacial lakes in south-central Alaska. GSA Bulletin 130, 757–774. https://doi.org/10.1130/B31792.1",-150.304341827754,60.4019845346655,2.6,Skilak
1978,"Boes, E., Van Daele, M., Moernaut, J., Schmidt, S., Jensen, B.J.L., Praet, N., Kaufman, D., Haeussler, P., Loso, M.G., De Batist, M., 2017. Varve formation during the past three centuries in three large proglacial lakes in south-central Alaska. GSA Bulletin 130, 757–774. https://doi.org/10.1130/B31792.1",-150.304341827754,60.4019845346655,1.6500000000000001,Skilak
1977,"Boes, E., Van Daele, M., Moernaut, J., Schmidt, S., Jensen, B.J.L., Praet, N., Kaufman, D., Haeussler, P., Loso, M.G., De Batist, M., 2017. Varve formation during the past three centuries in three large proglacial lakes in south-central Alaska. GSA Bulletin 130, 757–774. https://doi.org/10.1130/B31792.1",-150.304341827754,60.4019845346655,3.29,Skilak
1976,"Boes, E., Van Daele, M., Moernaut, J., Schmidt, S., Jensen, B.J.L., Praet, N., Kaufman, D., Haeussler, P., Loso, M.G., De Batist, M., 2017. Varve formation during the past three centuries in three large proglacial lakes in south-central Alaska. GSA Bulletin 130, 757–774. https://doi.org/10.1130/B31792.1",-150.304341827754,60.4019845346655,2.19,Skilak
1975,"Boes, E., Van Daele, M., Moernaut, J., Schmidt, S., Jensen, B.J.L., Praet, N., Kaufman, D., Haeussler, P., Loso, M.G., De Batist, M., 2017. Varve formation during the past three centuries in three large proglacial lakes in south-central Alaska. GSA Bulletin 130, 757–774. https://doi.org/10.1130/B31792.1",-150.304341827754,60.4019845346655,3.7,Skilak
1974,"Boes, E., Van Daele, M., Moernaut, J., Schmidt, S., Jensen, B.J.L., Praet, N., Kaufman, D., Haeussler, P., Loso, M.G., De Batist, M., 2017. Varve formation during the past three centuries in three large proglacial lakes in south-central Alaska. GSA Bulletin 130, 757–774. https://doi.org/10.1130/B31792.1",-150.304341827754,60.4019845346655,3.02,Skilak
1973,"Boes, E., Van Daele, M., Moernaut, J., Schmidt, S., Jensen, B.J.L., Praet, N., Kaufman, D., Haeussler, P., Loso, M.G., De Batist, M., 2017. Varve formation during the past three centuries in three large proglacial lakes in south-central Alaska. GSA Bulletin 130, 757–774. https://doi.org/10.1130/B31792.1",-150.304341827754,60.4019845346655,2.05,Skilak
1972,"Boes, E., Van Daele, M., Moernaut, J., Schmidt, S., Jensen, B.J.L., Praet, N., Kaufman, D., Haeussler, P., Loso, M.G., De Batist, M., 2017. Varve formation during the past three centuries in three large proglacial lakes in south-central Alaska. GSA Bulletin 130, 757–774. https://doi.org/10.1130/B31792.1",-150.304341827754,60.4019845346655,2.19,Skilak
1971,"Boes, E., Van Daele, M., Moernaut, J., Schmidt, S., Jensen, B.J.L., Praet, N., Kaufman, D., Haeussler, P., Loso, M.G., De Batist, M., 2017. Varve formation during the past three centuries in three large proglacial lakes in south-central Alaska. GSA Bulletin 130, 757–774. https://doi.org/10.1130/B31792.1",-150.304341827754,60.4019845346655,2.2,Skilak
1970,"Boes, E., Van Daele, M., Moernaut, J., Schmidt, S., Jensen, B.J.L., Praet, N., Kaufman, D., Haeussler, P., Loso, M.G., De Batist, M., 2017. Varve formation during the past three centuries in three large proglacial lakes in south-central Alaska. GSA Bulletin 130, 757–774. https://doi.org/10.1130/B31792.1",-150.304341827754,60.4019845346655,1.6400000000000001,Skilak
1969,"Boes, E., Van Daele, M., Moernaut, J., Schmidt, S., Jensen, B.J.L., Praet, N., Kaufman, D., Haeussler, P., Loso, M.G., De Batist, M., 2017. Varve formation during the past three centuries in three large proglacial lakes in south-central Alaska. GSA Bulletin 130, 757–774. https://doi.org/10.1130/B31792.1",-150.304341827754,60.4019845346655,1.92,Skilak
1968,"Boes, E., Van Daele, M., Moernaut, J., Schmidt, S., Jensen, B.J.L., Praet, N., Kaufman, D., Haeussler, P., Loso, M.G., De Batist, M., 2017. Varve formation during the past three centuries in three large proglacial lakes in south-central Alaska. GSA Bulletin 130, 757–774. https://doi.org/10.1130/B31792.1",-150.304341827754,60.4019845346655,1.51,Skilak
1967,"Boes, E., Van Daele, M., Moernaut, J., Schmidt, S., Jensen, B.J.L., Praet, N., Kaufman, D., Haeussler, P., Loso, M.G., De Batist, M., 2017. Varve formation during the past three centuries in three large proglacial lakes in south-central Alaska. GSA Bulletin 130, 757–774. https://doi.org/10.1130/B31792.1",-150.304341827754,60.4019845346655,1.37,Skilak
1966,"Boes, E., Van Daele, M., Moernaut, J., Schmidt, S., Jensen, B.J.L., Praet, N., Kaufman, D., Haeussler, P., Loso, M.G., De Batist, M., 2017. Varve formation during the past three centuries in three large proglacial lakes in south-central Alaska. GSA Bulletin 130, 757–774. https://doi.org/10.1130/B31792.1",-150.304341827754,60.4019845346655,1.7799999999999998,Skilak
1965,"Boes, E., Van Daele, M., Moernaut, J., Schmidt, S., Jensen, B.J.L., Praet, N., Kaufman, D., Haeussler, P., Loso, M.G., De Batist, M., 2017. Varve formation during the past three centuries in three large proglacial lakes in south-central Alaska. GSA Bulletin 130, 757–774. https://doi.org/10.1130/B31792.1",-150.304341827754,60.4019845346655,1.7799999999999998,Skilak
1964,"Boes, E., Van Daele, M., Moernaut, J., Schmidt, S., Jensen, B.J.L., Praet, N., Kaufman, D., Haeussler, P., Loso, M.G., De Batist, M., 2017. Varve formation during the past three centuries in three large proglacial lakes in south-central Alaska. GSA Bulletin 130, 757–774. https://doi.org/10.1130/B31792.1",-150.304341827754,60.4019845346655,1.37,Skilak
1963,"Boes, E., Van Daele, M., Moernaut, J., Schmidt, S., Jensen, B.J.L., Praet, N., Kaufman, D., Haeussler, P., Loso, M.G., De Batist, M., 2017. Varve formation during the past three centuries in three large proglacial lakes in south-central Alaska. GSA Bulletin 130, 757–774. https://doi.org/10.1130/B31792.1",-150.304341827754,60.4019845346655,1.58,Skilak
1962,"Boes, E., Van Daele, M., Moernaut, J., Schmidt, S., Jensen, B.J.L., Praet, N., Kaufman, D., Haeussler, P., Loso, M.G., De Batist, M., 2017. Varve formation during the past three centuries in three large proglacial lakes in south-central Alaska. GSA Bulletin 130, 757–774. https://doi.org/10.1130/B31792.1",-150.304341827754,60.4019845346655,1.7799999999999998,Skilak
1961,"Boes, E., Van Daele, M., Moernaut, J., Schmidt, S., Jensen, B.J.L., Praet, N., Kaufman, D., Haeussler, P., Loso, M.G., De Batist, M., 2017. Varve formation during the past three centuries in three large proglacial lakes in south-central Alaska. GSA Bulletin 130, 757–774. https://doi.org/10.1130/B31792.1",-150.304341827754,60.4019845346655,1.7799999999999998,Skilak
1960,"Boes, E., Van Daele, M., Moernaut, J., Schmidt, S., Jensen, B.J.L., Praet, N., Kaufman, D., Haeussler, P., Loso, M.G., De Batist, M., 2017. Varve formation during the past three centuries in three large proglacial lakes in south-central Alaska. GSA Bulletin 130, 757–774. https://doi.org/10.1130/B31792.1",-150.304341827754,60.4019845346655,2.06,Skilak
1959,"Boes, E., Van Daele, M., Moernaut, J., Schmidt, S., Jensen, B.J.L., Praet, N., Kaufman, D., Haeussler, P., Loso, M.G., De Batist, M., 2017. Varve formation during the past three centuries in three large proglacial lakes in south-central Alaska. GSA Bulletin 130, 757–774. https://doi.org/10.1130/B31792.1",-150.304341827754,60.4019845346655,2.4699999999999998,Skilak
1958,"Boes, E., Van Daele, M., Moernaut, J., Schmidt, S., Jensen, B.J.L., Praet, N., Kaufman, D., Haeussler, P., Loso, M.G., De Batist, M., 2017. Varve formation during the past three centuries in three large proglacial lakes in south-central Alaska. GSA Bulletin 130, 757–774. https://doi.org/10.1130/B31792.1",-150.304341827754,60.4019845346655,2.8699999999999997,Skilak
1957,"Boes, E., Van Daele, M., Moernaut, J., Schmidt, S., Jensen, B.J.L., Praet, N., Kaufman, D., Haeussler, P., Loso, M.G., De Batist, M., 2017. Varve formation during the past three centuries in three large proglacial lakes in south-central Alaska. GSA Bulletin 130, 757–774. https://doi.org/10.1130/B31792.1",-150.304341827754,60.4019845346655,3.29,Skilak
1956,"Boes, E., Van Daele, M., Moernaut, J., Schmidt, S., Jensen, B.J.L., Praet, N., Kaufman, D., Haeussler, P., Loso, M.G., De Batist, M., 2017. Varve formation during the past three centuries in three large proglacial lakes in south-central Alaska. GSA Bulletin 130, 757–774. https://doi.org/10.1130/B31792.1",-150.304341827754,60.4019845346655,2.4699999999999998,Skilak
1955,"Boes, E., Van Daele, M., Moernaut, J., Schmidt, S., Jensen, B.J.L., Praet, N., Kaufman, D., Haeussler, P., Loso, M.G., De Batist, M., 2017. Varve formation during the past three centuries in three large proglacial lakes in south-central Alaska. GSA Bulletin 130, 757–774. https://doi.org/10.1130/B31792.1",-150.304341827754,60.4019845346655,2.6100000000000003,Skilak
1954,"Boes, E., Van Daele, M., Moernaut, J., Schmidt, S., Jensen, B.J.L., Praet, N., Kaufman, D., Haeussler, P., Loso, M.G., De Batist, M., 2017. Varve formation during the past three centuries in three large proglacial lakes in south-central Alaska. GSA Bulletin 130, 757–774. https://doi.org/10.1130/B31792.1",-150.304341827754,60.4019845346655,3.7,Skilak
1953,"Boes, E., Van Daele, M., Moernaut, J., Schmidt, S., Jensen, B.J.L., Praet, N., Kaufman, D., Haeussler, P., Loso, M.G., De Batist, M., 2017. Varve formation during the past three centuries in three large proglacial lakes in south-central Alaska. GSA Bulletin 130, 757–774. https://doi.org/10.1130/B31792.1",-150.304341827754,60.4019845346655,2.33,Skilak
1952,"Boes, E., Van Daele, M., Moernaut, J., Schmidt, S., Jensen, B.J.L., Praet, N., Kaufman, D., Haeussler, P., Loso, M.G., De Batist, M., 2017. Varve formation during the past three centuries in three large proglacial lakes in south-central Alaska. GSA Bulletin 130, 757–774. https://doi.org/10.1130/B31792.1",-150.304341827754,60.4019845346655,2.05,Skilak
1951,"Boes, E., Van Daele, M., Moernaut, J., Schmidt, S., Jensen, B.J.L., Praet, N., Kaufman, D., Haeussler, P., Loso, M.G., De Batist, M., 2017. Varve formation during the past three centuries in three large proglacial lakes in south-central Alaska. GSA Bulletin 130, 757–774. https://doi.org/10.1130/B31792.1",-150.304341827754,60.4019845346655,2.74,Skilak
1950,"Boes, E., Van Daele, M., Moernaut, J., Schmidt, S., Jensen, B.J.L., Praet, N., Kaufman, D., Haeussler, P., Loso, M.G., De Batist, M., 2017. Varve formation during the past three centuries in three large proglacial lakes in south-central Alaska. GSA Bulletin 130, 757–774. https://doi.org/10.1130/B31792.1",-150.304341827754,60.4019845346655,2.2,Skilak
1949,"Boes, E., Van Daele, M., Moernaut, J., Schmidt, S., Jensen, B.J.L., Praet, N., Kaufman, D., Haeussler, P., Loso, M.G., De Batist, M., 2017. Varve formation during the past three centuries in three large proglacial lakes in south-central Alaska. GSA Bulletin 130, 757–774. https://doi.org/10.1130/B31792.1",-150.304341827754,60.4019845346655,1.6500000000000001,Skilak
1948,"Boes, E., Van Daele, M., Moernaut, J., Schmidt, S., Jensen, B.J.L., Praet, N., Kaufman, D., Haeussler, P., Loso, M.G., De Batist, M., 2017. Varve formation during the past three centuries in three large proglacial lakes in south-central Alaska. GSA Bulletin 130, 757–774. https://doi.org/10.1130/B31792.1",-150.304341827754,60.4019845346655,1.6400000000000001,Skilak
1947,"Boes, E., Van Daele, M., Moernaut, J., Schmidt, S., Jensen, B.J.L., Praet, N., Kaufman, D., Haeussler, P., Loso, M.G., De Batist, M., 2017. Varve formation during the past three centuries in three large proglacial lakes in south-central Alaska. GSA Bulletin 130, 757–774. https://doi.org/10.1130/B31792.1",-150.304341827754,60.4019845346655,2.2,Skilak
1946,"Boes, E., Van Daele, M., Moernaut, J., Schmidt, S., Jensen, B.J.L., Praet, N., Kaufman, D., Haeussler, P., Loso, M.G., De Batist, M., 2017. Varve formation during the past three centuries in three large proglacial lakes in south-central Alaska. GSA Bulletin 130, 757–774. https://doi.org/10.1130/B31792.1",-150.304341827754,60.4019845346655,1.9100000000000001,Skilak
1945,"Boes, E., Van Daele, M., Moernaut, J., Schmidt, S., Jensen, B.J.L., Praet, N., Kaufman, D., Haeussler, P., Loso, M.G., De Batist, M., 2017. Varve formation during the past three centuries in three large proglacial lakes in south-central Alaska. GSA Bulletin 130, 757–774. https://doi.org/10.1130/B31792.1",-150.304341827754,60.4019845346655,2.4699999999999998,Skilak
1944,"Boes, E., Van Daele, M., Moernaut, J., Schmidt, S., Jensen, B.J.L., Praet, N., Kaufman, D., Haeussler, P., Loso, M.G., De Batist, M., 2017. Varve formation during the past three centuries in three large proglacial lakes in south-central Alaska. GSA Bulletin 130, 757–774. https://doi.org/10.1130/B31792.1",-150.304341827754,60.4019845346655,2.4699999999999998,Skilak
1943,"Boes, E., Van Daele, M., Moernaut, J., Schmidt, S., Jensen, B.J.L., Praet, N., Kaufman, D., Haeussler, P., Loso, M.G., De Batist, M., 2017. Varve formation during the past three centuries in three large proglacial lakes in south-central Alaska. GSA Bulletin 130, 757–774. https://doi.org/10.1130/B31792.1",-150.304341827754,60.4019845346655,2.74,Skilak
1942,"Boes, E., Van Daele, M., Moernaut, J., Schmidt, S., Jensen, B.J.L., Praet, N., Kaufman, D., Haeussler, P., Loso, M.G., De Batist, M., 2017. Varve formation during the past three centuries in three large proglacial lakes in south-central Alaska. GSA Bulletin 130, 757–774. https://doi.org/10.1130/B31792.1",-150.304341827754,60.4019845346655,2.06,Skilak
1941,"Boes, E., Van Daele, M., Moernaut, J., Schmidt, S., Jensen, B.J.L., Praet, N., Kaufman, D., Haeussler, P., Loso, M.G., De Batist, M., 2017. Varve formation during the past three centuries in three large proglacial lakes in south-central Alaska. GSA Bulletin 130, 757–774. https://doi.org/10.1130/B31792.1",-150.304341827754,60.4019845346655,2.05,Skilak
1940,"Boes, E., Van Daele, M., Moernaut, J., Schmidt, S., Jensen, B.J.L., Praet, N., Kaufman, D., Haeussler, P., Loso, M.G., De Batist, M., 2017. Varve formation during the past three centuries in three large proglacial lakes in south-central Alaska. GSA Bulletin 130, 757–774. https://doi.org/10.1130/B31792.1",-150.304341827754,60.4019845346655,2.06,Skilak
1939,"Boes, E., Van Daele, M., Moernaut, J., Schmidt, S., Jensen, B.J.L., Praet, N., Kaufman, D., Haeussler, P., Loso, M.G., De Batist, M., 2017. Varve formation during the past three centuries in three large proglacial lakes in south-central Alaska. GSA Bulletin 130, 757–774. https://doi.org/10.1130/B31792.1",-150.304341827754,60.4019845346655,2.6,Skilak
1938,"Boes, E., Van Daele, M., Moernaut, J., Schmidt, S., Jensen, B.J.L., Praet, N., Kaufman, D., Haeussler, P., Loso, M.G., De Batist, M., 2017. Varve formation during the past three centuries in three large proglacial lakes in south-central Alaska. GSA Bulletin 130, 757–774. https://doi.org/10.1130/B31792.1",-150.304341827754,60.4019845346655,1.7799999999999998,Skilak
1937,"Boes, E., Van Daele, M., Moernaut, J., Schmidt, S., Jensen, B.J.L., Praet, N., Kaufman, D., Haeussler, P., Loso, M.G., De Batist, M., 2017. Varve formation during the past three centuries in three large proglacial lakes in south-central Alaska. GSA Bulletin 130, 757–774. https://doi.org/10.1130/B31792.1",-150.304341827754,60.4019845346655,2.06,Skilak
1936,"Boes, E., Van Daele, M., Moernaut, J., Schmidt, S., Jensen, B.J.L., Praet, N., Kaufman, D., Haeussler, P., Loso, M.G., De Batist, M., 2017. Varve formation during the past three centuries in three large proglacial lakes in south-central Alaska. GSA Bulletin 130, 757–774. https://doi.org/10.1130/B31792.1",-150.304341827754,60.4019845346655,2.33,Skilak
1935,"Boes, E., Van Daele, M., Moernaut, J., Schmidt, S., Jensen, B.J.L., Praet, N., Kaufman, D., Haeussler, P., Loso, M.G., De Batist, M., 2017. Varve formation during the past three centuries in three large proglacial lakes in south-central Alaska. GSA Bulletin 130, 757–774. https://doi.org/10.1130/B31792.1",-150.304341827754,60.4019845346655,3.02,Skilak
1934,"Boes, E., Van Daele, M., Moernaut, J., Schmidt, S., Jensen, B.J.L., Praet, N., Kaufman, D., Haeussler, P., Loso, M.G., De Batist, M., 2017. Varve formation during the past three centuries in three large proglacial lakes in south-central Alaska. GSA Bulletin 130, 757–774. https://doi.org/10.1130/B31792.1",-150.304341827754,60.4019845346655,2.33,Skilak
1933,"Boes, E., Van Daele, M., Moernaut, J., Schmidt, S., Jensen, B.J.L., Praet, N., Kaufman, D., Haeussler, P., Loso, M.G., De Batist, M., 2017. Varve formation during the past three centuries in three large proglacial lakes in south-central Alaska. GSA Bulletin 130, 757–774. https://doi.org/10.1130/B31792.1",-150.304341827754,60.4019845346655,3.5599999999999996,Skilak
1932,"Boes, E., Van Daele, M., Moernaut, J., Schmidt, S., Jensen, B.J.L., Praet, N., Kaufman, D., Haeussler, P., Loso, M.G., De Batist, M., 2017. Varve formation during the past three centuries in three large proglacial lakes in south-central Alaska. GSA Bulletin 130, 757–774. https://doi.org/10.1130/B31792.1",-150.304341827754,60.4019845346655,2.6,Skilak
1931,"Boes, E., Van Daele, M., Moernaut, J., Schmidt, S., Jensen, B.J.L., Praet, N., Kaufman, D., Haeussler, P., Loso, M.G., De Batist, M., 2017. Varve formation during the past three centuries in three large proglacial lakes in south-central Alaska. GSA Bulletin 130, 757–774. https://doi.org/10.1130/B31792.1",-150.304341827754,60.4019845346655,2.6100000000000003,Skilak
1930,"Boes, E., Van Daele, M., Moernaut, J., Schmidt, S., Jensen, B.J.L., Praet, N., Kaufman, D., Haeussler, P., Loso, M.G., De Batist, M., 2017. Varve formation during the past three centuries in three large proglacial lakes in south-central Alaska. GSA Bulletin 130, 757–774. https://doi.org/10.1130/B31792.1",-150.304341827754,60.4019845346655,3.29,Skilak
1929,"Boes, E., Van Daele, M., Moernaut, J., Schmidt, S., Jensen, B.J.L., Praet, N., Kaufman, D., Haeussler, P., Loso, M.G., De Batist, M., 2017. Varve formation during the past three centuries in three large proglacial lakes in south-central Alaska. GSA Bulletin 130, 757–774. https://doi.org/10.1130/B31792.1",-150.304341827754,60.4019845346655,2.05,Skilak
1928,"Boes, E., Van Daele, M., Moernaut, J., Schmidt, S., Jensen, B.J.L., Praet, N., Kaufman, D., Haeussler, P., Loso, M.G., De Batist, M., 2017. Varve formation during the past three centuries in three large proglacial lakes in south-central Alaska. GSA Bulletin 130, 757–774. https://doi.org/10.1130/B31792.1",-150.304341827754,60.4019845346655,2.6100000000000003,Skilak
1927,"Boes, E., Van Daele, M., Moernaut, J., Schmidt, S., Jensen, B.J.L., Praet, N., Kaufman, D., Haeussler, P., Loso, M.G., De Batist, M., 2017. Varve formation during the past three centuries in three large proglacial lakes in south-central Alaska. GSA Bulletin 130, 757–774. https://doi.org/10.1130/B31792.1",-150.304341827754,60.4019845346655,3.4200000000000004,Skilak
1926,"Boes, E., Van Daele, M., Moernaut, J., Schmidt, S., Jensen, B.J.L., Praet, N., Kaufman, D., Haeussler, P., Loso, M.G., De Batist, M., 2017. Varve formation during the past three centuries in three large proglacial lakes in south-central Alaska. GSA Bulletin 130, 757–774. https://doi.org/10.1130/B31792.1",-150.304341827754,60.4019845346655,2.2,Skilak
1925,"Boes, E., Van Daele, M., Moernaut, J., Schmidt, S., Jensen, B.J.L., Praet, N., Kaufman, D., Haeussler, P., Loso, M.G., De Batist, M., 2017. Varve formation during the past three centuries in three large proglacial lakes in south-central Alaska. GSA Bulletin 130, 757–774. https://doi.org/10.1130/B31792.1",-150.304341827754,60.4019845346655,1.79,Skilak
1924,"Boes, E., Van Daele, M., Moernaut, J., Schmidt, S., Jensen, B.J.L., Praet, N., Kaufman, D., Haeussler, P., Loso, M.G., De Batist, M., 2017. Varve formation during the past three centuries in three large proglacial lakes in south-central Alaska. GSA Bulletin 130, 757–774. https://doi.org/10.1130/B31792.1",-150.304341827754,60.4019845346655,1.37,Skilak
1923,"Boes, E., Van Daele, M., Moernaut, J., Schmidt, S., Jensen, B.J.L., Praet, N., Kaufman, D., Haeussler, P., Loso, M.G., De Batist, M., 2017. Varve formation during the past three centuries in three large proglacial lakes in south-central Alaska. GSA Bulletin 130, 757–774. https://doi.org/10.1130/B31792.1",-150.304341827754,60.4019845346655,3.01,Skilak
1922,"Boes, E., Van Daele, M., Moernaut, J., Schmidt, S., Jensen, B.J.L., Praet, N., Kaufman, D., Haeussler, P., Loso, M.G., De Batist, M., 2017. Varve formation during the past three centuries in three large proglacial lakes in south-central Alaska. GSA Bulletin 130, 757–774. https://doi.org/10.1130/B31792.1",-150.304341827754,60.4019845346655,2.88,Skilak
1921,"Boes, E., Van Daele, M., Moernaut, J., Schmidt, S., Jensen, B.J.L., Praet, N., Kaufman, D., Haeussler, P., Loso, M.G., De Batist, M., 2017. Varve formation during the past three centuries in three large proglacial lakes in south-central Alaska. GSA Bulletin 130, 757–774. https://doi.org/10.1130/B31792.1",-150.304341827754,60.4019845346655,2.6,Skilak
1920,"Boes, E., Van Daele, M., Moernaut, J., Schmidt, S., Jensen, B.J.L., Praet, N., Kaufman, D., Haeussler, P., Loso, M.G., De Batist, M., 2017. Varve formation during the past three centuries in three large proglacial lakes in south-central Alaska. GSA Bulletin 130, 757–774. https://doi.org/10.1130/B31792.1",-150.304341827754,60.4019845346655,2.88,Skilak
1919,"Boes, E., Van Daele, M., Moernaut, J., Schmidt, S., Jensen, B.J.L., Praet, N., Kaufman, D., Haeussler, P., Loso, M.G., De Batist, M., 2017. Varve formation during the past three centuries in three large proglacial lakes in south-central Alaska. GSA Bulletin 130, 757–774. https://doi.org/10.1130/B31792.1",-150.304341827754,60.4019845346655,3.7,Skilak
1918,"Boes, E., Van Daele, M., Moernaut, J., Schmidt, S., Jensen, B.J.L., Praet, N., Kaufman, D., Haeussler, P., Loso, M.G., De Batist, M., 2017. Varve formation during the past three centuries in three large proglacial lakes in south-central Alaska. GSA Bulletin 130, 757–774. https://doi.org/10.1130/B31792.1",-150.304341827754,60.4019845346655,5.21,Skilak
1917,"Boes, E., Van Daele, M., Moernaut, J., Schmidt, S., Jensen, B.J.L., Praet, N., Kaufman, D., Haeussler, P., Loso, M.G., De Batist, M., 2017. Varve formation during the past three centuries in three large proglacial lakes in south-central Alaska. GSA Bulletin 130, 757–774. https://doi.org/10.1130/B31792.1",-150.304341827754,60.4019845346655,5.8999999999999995,Skilak
1916,"Boes, E., Van Daele, M., Moernaut, J., Schmidt, S., Jensen, B.J.L., Praet, N., Kaufman, D., Haeussler, P., Loso, M.G., De Batist, M., 2017. Varve formation during the past three centuries in three large proglacial lakes in south-central Alaska. GSA Bulletin 130, 757–774. https://doi.org/10.1130/B31792.1",-150.304341827754,60.4019845346655,2.6,Skilak
1915,"Boes, E., Van Daele, M., Moernaut, J., Schmidt, S., Jensen, B.J.L., Praet, N., Kaufman, D., Haeussler, P., Loso, M.G., De Batist, M., 2017. Varve formation during the past three centuries in three large proglacial lakes in south-central Alaska. GSA Bulletin 130, 757–774. https://doi.org/10.1130/B31792.1",-150.304341827754,60.4019845346655,3.7,Skilak
1914,"Boes, E., Van Daele, M., Moernaut, J., Schmidt, S., Jensen, B.J.L., Praet, N., Kaufman, D., Haeussler, P., Loso, M.G., De Batist, M., 2017. Varve formation during the past three centuries in three large proglacial lakes in south-central Alaska. GSA Bulletin 130, 757–774. https://doi.org/10.1130/B31792.1",-150.304341827754,60.4019845346655,1.51,Skilak
1913,"Boes, E., Van Daele, M., Moernaut, J., Schmidt, S., Jensen, B.J.L., Praet, N., Kaufman, D., Haeussler, P., Loso, M.G., De Batist, M., 2017. Varve formation during the past three centuries in three large proglacial lakes in south-central Alaska. GSA Bulletin 130, 757–774. https://doi.org/10.1130/B31792.1",-150.304341827754,60.4019845346655,1.51,Skilak
1912,"Boes, E., Van Daele, M., Moernaut, J., Schmidt, S., Jensen, B.J.L., Praet, N., Kaufman, D., Haeussler, P., Loso, M.G., De Batist, M., 2017. Varve formation during the past three centuries in three large proglacial lakes in south-central Alaska. GSA Bulletin 130, 757–774. https://doi.org/10.1130/B31792.1",-150.304341827754,60.4019845346655,3.01,Skilak
1911,"Boes, E., Van Daele, M., Moernaut, J., Schmidt, S., Jensen, B.J.L., Praet, N., Kaufman, D., Haeussler, P., Loso, M.G., De Batist, M., 2017. Varve formation during the past three centuries in three large proglacial lakes in south-central Alaska. GSA Bulletin 130, 757–774. https://doi.org/10.1130/B31792.1",-150.304341827754,60.4019845346655,1.6500000000000001,Skilak
1910,"Boes, E., Van Daele, M., Moernaut, J., Schmidt, S., Jensen, B.J.L., Praet, N., Kaufman, D., Haeussler, P., Loso, M.G., De Batist, M., 2017. Varve formation during the past three centuries in three large proglacial lakes in south-central Alaska. GSA Bulletin 130, 757–774. https://doi.org/10.1130/B31792.1",-150.304341827754,60.4019845346655,1.7799999999999998,Skilak
1909,"Boes, E., Van Daele, M., Moernaut, J., Schmidt, S., Jensen, B.J.L., Praet, N., Kaufman, D., Haeussler, P., Loso, M.G., De Batist, M., 2017. Varve formation during the past three centuries in three large proglacial lakes in south-central Alaska. GSA Bulletin 130, 757–774. https://doi.org/10.1130/B31792.1",-150.304341827754,60.4019845346655,1.7799999999999998,Skilak
1908,"Boes, E., Van Daele, M., Moernaut, J., Schmidt, S., Jensen, B.J.L., Praet, N., Kaufman, D., Haeussler, P., Loso, M.G., De Batist, M., 2017. Varve formation during the past three centuries in three large proglacial lakes in south-central Alaska. GSA Bulletin 130, 757–774. https://doi.org/10.1130/B31792.1",-150.304341827754,60.4019845346655,2.6,Skilak
1907,"Boes, E., Van Daele, M., Moernaut, J., Schmidt, S., Jensen, B.J.L., Praet, N., Kaufman, D., Haeussler, P., Loso, M.G., De Batist, M., 2017. Varve formation during the past three centuries in three large proglacial lakes in south-central Alaska. GSA Bulletin 130, 757–774. https://doi.org/10.1130/B31792.1",-150.304341827754,60.4019845346655,2.33,Skilak
1906,"Boes, E., Van Daele, M., Moernaut, J., Schmidt, S., Jensen, B.J.L., Praet, N., Kaufman, D., Haeussler, P., Loso, M.G., De Batist, M., 2017. Varve formation during the past three centuries in three large proglacial lakes in south-central Alaska. GSA Bulletin 130, 757–774. https://doi.org/10.1130/B31792.1",-150.304341827754,60.4019845346655,2.6100000000000003,Skilak
1905,"Boes, E., Van Daele, M., Moernaut, J., Schmidt, S., Jensen, B.J.L., Praet, N., Kaufman, D., Haeussler, P., Loso, M.G., De Batist, M., 2017. Varve formation during the past three centuries in three large proglacial lakes in south-central Alaska. GSA Bulletin 130, 757–774. https://doi.org/10.1130/B31792.1",-150.304341827754,60.4019845346655,2.33,Skilak
1904,"Boes, E., Van Daele, M., Moernaut, J., Schmidt, S., Jensen, B.J.L., Praet, N., Kaufman, D., Haeussler, P., Loso, M.G., De Batist, M., 2017. Varve formation during the past three centuries in three large proglacial lakes in south-central Alaska. GSA Bulletin 130, 757–774. https://doi.org/10.1130/B31792.1",-150.304341827754,60.4019845346655,2.19,Skilak
1903,"Boes, E., Van Daele, M., Moernaut, J., Schmidt, S., Jensen, B.J.L., Praet, N., Kaufman, D., Haeussler, P., Loso, M.G., De Batist, M., 2017. Varve formation during the past three centuries in three large proglacial lakes in south-central Alaska. GSA Bulletin 130, 757–774. https://doi.org/10.1130/B31792.1",-150.304341827754,60.4019845346655,2.33,Skilak
1902,"Boes, E., Van Daele, M., Moernaut, J., Schmidt, S., Jensen, B.J.L., Praet, N., Kaufman, D., Haeussler, P., Loso, M.G., De Batist, M., 2017. Varve formation during the past three centuries in three large proglacial lakes in south-central Alaska. GSA Bulletin 130, 757–774. https://doi.org/10.1130/B31792.1",-150.304341827754,60.4019845346655,2.19,Skilak
1901,"Boes, E., Van Daele, M., Moernaut, J., Schmidt, S., Jensen, B.J.L., Praet, N., Kaufman, D., Haeussler, P., Loso, M.G., De Batist, M., 2017. Varve formation during the past three centuries in three large proglacial lakes in south-central Alaska. GSA Bulletin 130, 757–774. https://doi.org/10.1130/B31792.1",-150.304341827754,60.4019845346655,3.57,Skilak
1900,"Boes, E., Van Daele, M., Moernaut, J., Schmidt, S., Jensen, B.J.L., Praet, N., Kaufman, D., Haeussler, P., Loso, M.G., De Batist, M., 2017. Varve formation during the past three centuries in three large proglacial lakes in south-central Alaska. GSA Bulletin 130, 757–774. https://doi.org/10.1130/B31792.1",-150.304341827754,60.4019845346655,3.97,Skilak
1899,"Boes, E., Van Daele, M., Moernaut, J., Schmidt, S., Jensen, B.J.L., Praet, N., Kaufman, D., Haeussler, P., Loso, M.G., De Batist, M., 2017. Varve formation during the past three centuries in three large proglacial lakes in south-central Alaska. GSA Bulletin 130, 757–774. https://doi.org/10.1130/B31792.1",-150.304341827754,60.4019845346655,4.66,Skilak
1898,"Boes, E., Van Daele, M., Moernaut, J., Schmidt, S., Jensen, B.J.L., Praet, N., Kaufman, D., Haeussler, P., Loso, M.G., De Batist, M., 2017. Varve formation during the past three centuries in three large proglacial lakes in south-central Alaska. GSA Bulletin 130, 757–774. https://doi.org/10.1130/B31792.1",-150.304341827754,60.4019845346655,5.3500000000000005,Skilak
1897,"Boes, E., Van Daele, M., Moernaut, J., Schmidt, S., Jensen, B.J.L., Praet, N., Kaufman, D., Haeussler, P., Loso, M.G., De Batist, M., 2017. Varve formation during the past three centuries in three large proglacial lakes in south-central Alaska. GSA Bulletin 130, 757–774. https://doi.org/10.1130/B31792.1",-150.304341827754,60.4019845346655,3.97,Skilak
1896,"Boes, E., Van Daele, M., Moernaut, J., Schmidt, S., Jensen, B.J.L., Praet, N., Kaufman, D., Haeussler, P., Loso, M.G., De Batist, M., 2017. Varve formation during the past three centuries in three large proglacial lakes in south-central Alaska. GSA Bulletin 130, 757–774. https://doi.org/10.1130/B31792.1",-150.304341827754,60.4019845346655,2.33,Skilak
1895,"Boes, E., Van Daele, M., Moernaut, J., Schmidt, S., Jensen, B.J.L., Praet, N., Kaufman, D., Haeussler, P., Loso, M.G., De Batist, M., 2017. Varve formation during the past three centuries in three large proglacial lakes in south-central Alaska. GSA Bulletin 130, 757–774. https://doi.org/10.1130/B31792.1",-150.304341827754,60.4019845346655,3.84,Skilak
1894,"Boes, E., Van Daele, M., Moernaut, J., Schmidt, S., Jensen, B.J.L., Praet, N., Kaufman, D., Haeussler, P., Loso, M.G., De Batist, M., 2017. Varve formation during the past three centuries in three large proglacial lakes in south-central Alaska. GSA Bulletin 130, 757–774. https://doi.org/10.1130/B31792.1",-150.304341827754,60.4019845346655,3.7,Skilak
1893,"Boes, E., Van Daele, M., Moernaut, J., Schmidt, S., Jensen, B.J.L., Praet, N., Kaufman, D., Haeussler, P., Loso, M.G., De Batist, M., 2017. Varve formation during the past three centuries in three large proglacial lakes in south-central Alaska. GSA Bulletin 130, 757–774. https://doi.org/10.1130/B31792.1",-150.304341827754,60.4019845346655,2.33,Skilak
1892,"Boes, E., Van Daele, M., Moernaut, J., Schmidt, S., Jensen, B.J.L., Praet, N., Kaufman, D., Haeussler, P., Loso, M.G., De Batist, M., 2017. Varve formation during the past three centuries in three large proglacial lakes in south-central Alaska. GSA Bulletin 130, 757–774. https://doi.org/10.1130/B31792.1",-150.304341827754,60.4019845346655,2.88,Skilak
1891,"Boes, E., Van Daele, M., Moernaut, J., Schmidt, S., Jensen, B.J.L., Praet, N., Kaufman, D., Haeussler, P., Loso, M.G., De Batist, M., 2017. Varve formation during the past three centuries in three large proglacial lakes in south-central Alaska. GSA Bulletin 130, 757–774. https://doi.org/10.1130/B31792.1",-150.304341827754,60.4019845346655,2.4699999999999998,Skilak
1890,"Boes, E., Van Daele, M., Moernaut, J., Schmidt, S., Jensen, B.J.L., Praet, N., Kaufman, D., Haeussler, P., Loso, M.G., De Batist, M., 2017. Varve formation during the past three centuries in three large proglacial lakes in south-central Alaska. GSA Bulletin 130, 757–774. https://doi.org/10.1130/B31792.1",-150.304341827754,60.4019845346655,2.6,Skilak
1889,"Boes, E., Van Daele, M., Moernaut, J., Schmidt, S., Jensen, B.J.L., Praet, N., Kaufman, D., Haeussler, P., Loso, M.G., De Batist, M., 2017. Varve formation during the past three centuries in three large proglacial lakes in south-central Alaska. GSA Bulletin 130, 757–774. https://doi.org/10.1130/B31792.1",-150.304341827754,60.4019845346655,3.02,Skilak
1888,"Boes, E., Van Daele, M., Moernaut, J., Schmidt, S., Jensen, B.J.L., Praet, N., Kaufman, D., Haeussler, P., Loso, M.G., De Batist, M., 2017. Varve formation during the past three centuries in three large proglacial lakes in south-central Alaska. GSA Bulletin 130, 757–774. https://doi.org/10.1130/B31792.1",-150.304341827754,60.4019845346655,4.24,Skilak
1887,"Boes, E., Van Daele, M., Moernaut, J., Schmidt, S., Jensen, B.J.L., Praet, N., Kaufman, D., Haeussler, P., Loso, M.G., De Batist, M., 2017. Varve formation during the past three centuries in three large proglacial lakes in south-central Alaska. GSA Bulletin 130, 757–774. https://doi.org/10.1130/B31792.1",-150.304341827754,60.4019845346655,3.57,Skilak
1886,"Boes, E., Van Daele, M., Moernaut, J., Schmidt, S., Jensen, B.J.L., Praet, N., Kaufman, D., Haeussler, P., Loso, M.G., De Batist, M., 2017. Varve formation during the past three centuries in three large proglacial lakes in south-central Alaska. GSA Bulletin 130, 757–774. https://doi.org/10.1130/B31792.1",-150.304341827754,60.4019845346655,3.5599999999999996,Skilak
1885,"Boes, E., Van Daele, M., Moernaut, J., Schmidt, S., Jensen, B.J.L., Praet, N., Kaufman, D., Haeussler, P., Loso, M.G., De Batist, M., 2017. Varve formation during the past three centuries in three large proglacial lakes in south-central Alaska. GSA Bulletin 130, 757–774. https://doi.org/10.1130/B31792.1",-150.304341827754,60.4019845346655,3.43,Skilak
1884,"Boes, E., Van Daele, M., Moernaut, J., Schmidt, S., Jensen, B.J.L., Praet, N., Kaufman, D., Haeussler, P., Loso, M.G., De Batist, M., 2017. Varve formation during the past three centuries in three large proglacial lakes in south-central Alaska. GSA Bulletin 130, 757–774. https://doi.org/10.1130/B31792.1",-150.304341827754,60.4019845346655,3.29,Skilak
1883,"Boes, E., Van Daele, M., Moernaut, J., Schmidt, S., Jensen, B.J.L., Praet, N., Kaufman, D., Haeussler, P., Loso, M.G., De Batist, M., 2017. Varve formation during the past three centuries in three large proglacial lakes in south-central Alaska. GSA Bulletin 130, 757–774. https://doi.org/10.1130/B31792.1",-150.304341827754,60.4019845346655,3.4200000000000004,Skilak
1882,"Boes, E., Van Daele, M., Moernaut, J., Schmidt, S., Jensen, B.J.L., Praet, N., Kaufman, D., Haeussler, P., Loso, M.G., De Batist, M., 2017. Varve formation during the past three centuries in three large proglacial lakes in south-central Alaska. GSA Bulletin 130, 757–774. https://doi.org/10.1130/B31792.1",-150.304341827754,60.4019845346655,2.33,Skilak
1881,"Boes, E., Van Daele, M., Moernaut, J., Schmidt, S., Jensen, B.J.L., Praet, N., Kaufman, D., Haeussler, P., Loso, M.G., De Batist, M., 2017. Varve formation during the past three centuries in three large proglacial lakes in south-central Alaska. GSA Bulletin 130, 757–774. https://doi.org/10.1130/B31792.1",-150.304341827754,60.4019845346655,4.39,Skilak
1880,"Boes, E., Van Daele, M., Moernaut, J., Schmidt, S., Jensen, B.J.L., Praet, N., Kaufman, D., Haeussler, P., Loso, M.G., De Batist, M., 2017. Varve formation during the past three centuries in three large proglacial lakes in south-central Alaska. GSA Bulletin 130, 757–774. https://doi.org/10.1130/B31792.1",-150.304341827754,60.4019845346655,3.7,Skilak
1879,"Boes, E., Van Daele, M., Moernaut, J., Schmidt, S., Jensen, B.J.L., Praet, N., Kaufman, D., Haeussler, P., Loso, M.G., De Batist, M., 2017. Varve formation during the past three centuries in three large proglacial lakes in south-central Alaska. GSA Bulletin 130, 757–774. https://doi.org/10.1130/B31792.1",-150.304341827754,60.4019845346655,2.88,Skilak
1878,"Boes, E., Van Daele, M., Moernaut, J., Schmidt, S., Jensen, B.J.L., Praet, N., Kaufman, D., Haeussler, P., Loso, M.G., De Batist, M., 2017. Varve formation during the past three centuries in three large proglacial lakes in south-central Alaska. GSA Bulletin 130, 757–774. https://doi.org/10.1130/B31792.1",-150.304341827754,60.4019845346655,2.88,Skilak
1877,"Boes, E., Van Daele, M., Moernaut, J., Schmidt, S., Jensen, B.J.L., Praet, N., Kaufman, D., Haeussler, P., Loso, M.G., De Batist, M., 2017. Varve formation during the past three centuries in three large proglacial lakes in south-central Alaska. GSA Bulletin 130, 757–774. https://doi.org/10.1130/B31792.1",-150.304341827754,60.4019845346655,2.88,Skilak
1876,"Boes, E., Van Daele, M., Moernaut, J., Schmidt, S., Jensen, B.J.L., Praet, N., Kaufman, D., Haeussler, P., Loso, M.G., De Batist, M., 2017. Varve formation during the past three centuries in three large proglacial lakes in south-central Alaska. GSA Bulletin 130, 757–774. https://doi.org/10.1130/B31792.1",-150.304341827754,60.4019845346655,2.74,Skilak
1875,"Boes, E., Van Daele, M., Moernaut, J., Schmidt, S., Jensen, B.J.L., Praet, N., Kaufman, D., Haeussler, P., Loso, M.G., De Batist, M., 2017. Varve formation during the past three centuries in three large proglacial lakes in south-central Alaska. GSA Bulletin 130, 757–774. https://doi.org/10.1130/B31792.1",-150.304341827754,60.4019845346655,2.46,Skilak
1874,"Boes, E., Van Daele, M., Moernaut, J., Schmidt, S., Jensen, B.J.L., Praet, N., Kaufman, D., Haeussler, P., Loso, M.G., De Batist, M., 2017. Varve formation during the past three centuries in three large proglacial lakes in south-central Alaska. GSA Bulletin 130, 757–774. https://doi.org/10.1130/B31792.1",-150.304341827754,60.4019845346655,3.29,Skilak
1873,"Boes, E., Van Daele, M., Moernaut, J., Schmidt, S., Jensen, B.J.L., Praet, N., Kaufman, D., Haeussler, P., Loso, M.G., De Batist, M., 2017. Varve formation during the past three centuries in three large proglacial lakes in south-central Alaska. GSA Bulletin 130, 757–774. https://doi.org/10.1130/B31792.1",-150.304341827754,60.4019845346655,2.88,Skilak
1872,"Boes, E., Van Daele, M., Moernaut, J., Schmidt, S., Jensen, B.J.L., Praet, N., Kaufman, D., Haeussler, P., Loso, M.G., De Batist, M., 2017. Varve formation during the past three centuries in three large proglacial lakes in south-central Alaska. GSA Bulletin 130, 757–774. https://doi.org/10.1130/B31792.1",-150.304341827754,60.4019845346655,2.4699999999999998,Skilak
1871,"Boes, E., Van Daele, M., Moernaut, J., Schmidt, S., Jensen, B.J.L., Praet, N., Kaufman, D., Haeussler, P., Loso, M.G., De Batist, M., 2017. Varve formation during the past three centuries in three large proglacial lakes in south-central Alaska. GSA Bulletin 130, 757–774. https://doi.org/10.1130/B31792.1",-150.304341827754,60.4019845346655,3.9800000000000004,Skilak
1870,"Boes, E., Van Daele, M., Moernaut, J., Schmidt, S., Jensen, B.J.L., Praet, N., Kaufman, D., Haeussler, P., Loso, M.G., De Batist, M., 2017. Varve formation during the past three centuries in three large proglacial lakes in south-central Alaska. GSA Bulletin 130, 757–774. https://doi.org/10.1130/B31792.1",-150.304341827754,60.4019845346655,2.74,Skilak
1869,"Boes, E., Van Daele, M., Moernaut, J., Schmidt, S., Jensen, B.J.L., Praet, N., Kaufman, D., Haeussler, P., Loso, M.G., De Batist, M., 2017. Varve formation during the past three centuries in three large proglacial lakes in south-central Alaska. GSA Bulletin 130, 757–774. https://doi.org/10.1130/B31792.1",-150.304341827754,60.4019845346655,3.15,Skilak
1868,"Boes, E., Van Daele, M., Moernaut, J., Schmidt, S., Jensen, B.J.L., Praet, N., Kaufman, D., Haeussler, P., Loso, M.G., De Batist, M., 2017. Varve formation during the past three centuries in three large proglacial lakes in south-central Alaska. GSA Bulletin 130, 757–774. https://doi.org/10.1130/B31792.1",-150.304341827754,60.4019845346655,3.84,Skilak
1867,"Boes, E., Van Daele, M., Moernaut, J., Schmidt, S., Jensen, B.J.L., Praet, N., Kaufman, D., Haeussler, P., Loso, M.G., De Batist, M., 2017. Varve formation during the past three centuries in three large proglacial lakes in south-central Alaska. GSA Bulletin 130, 757–774. https://doi.org/10.1130/B31792.1",-150.304341827754,60.4019845346655,2.8699999999999997,Skilak
1866,"Boes, E., Van Daele, M., Moernaut, J., Schmidt, S., Jensen, B.J.L., Praet, N., Kaufman, D., Haeussler, P., Loso, M.G., De Batist, M., 2017. Varve formation during the past three centuries in three large proglacial lakes in south-central Alaska. GSA Bulletin 130, 757–774. https://doi.org/10.1130/B31792.1",-150.304341827754,60.4019845346655,2.2,Skilak
1865,"Boes, E., Van Daele, M., Moernaut, J., Schmidt, S., Jensen, B.J.L., Praet, N., Kaufman, D., Haeussler, P., Loso, M.G., De Batist, M., 2017. Varve formation during the past three centuries in three large proglacial lakes in south-central Alaska. GSA Bulletin 130, 757–774. https://doi.org/10.1130/B31792.1",-150.304341827754,60.4019845346655,2.6,Skilak
1864,"Boes, E., Van Daele, M., Moernaut, J., Schmidt, S., Jensen, B.J.L., Praet, N., Kaufman, D., Haeussler, P., Loso, M.G., De Batist, M., 2017. Varve formation during the past three centuries in three large proglacial lakes in south-central Alaska. GSA Bulletin 130, 757–774. https://doi.org/10.1130/B31792.1",-150.304341827754,60.4019845346655,1.92,Skilak
1863,"Boes, E., Van Daele, M., Moernaut, J., Schmidt, S., Jensen, B.J.L., Praet, N., Kaufman, D., Haeussler, P., Loso, M.G., De Batist, M., 2017. Varve formation during the past three centuries in three large proglacial lakes in south-central Alaska. GSA Bulletin 130, 757–774. https://doi.org/10.1130/B31792.1",-150.304341827754,60.4019845346655,3.7,Skilak
1862,"Boes, E., Van Daele, M., Moernaut, J., Schmidt, S., Jensen, B.J.L., Praet, N., Kaufman, D., Haeussler, P., Loso, M.G., De Batist, M., 2017. Varve formation during the past three centuries in three large proglacial lakes in south-central Alaska. GSA Bulletin 130, 757–774. https://doi.org/10.1130/B31792.1",-150.304341827754,60.4019845346655,3.15,Skilak
1861,"Boes, E., Van Daele, M., Moernaut, J., Schmidt, S., Jensen, B.J.L., Praet, N., Kaufman, D., Haeussler, P., Loso, M.G., De Batist, M., 2017. Varve formation during the past three centuries in three large proglacial lakes in south-central Alaska. GSA Bulletin 130, 757–774. https://doi.org/10.1130/B31792.1",-150.304341827754,60.4019845346655,3.16,Skilak
1860,"Boes, E., Van Daele, M., Moernaut, J., Schmidt, S., Jensen, B.J.L., Praet, N., Kaufman, D., Haeussler, P., Loso, M.G., De Batist, M., 2017. Varve formation during the past three centuries in three large proglacial lakes in south-central Alaska. GSA Bulletin 130, 757–774. https://doi.org/10.1130/B31792.1",-150.304341827754,60.4019845346655,3.29,Skilak
1859,"Boes, E., Van Daele, M., Moernaut, J., Schmidt, S., Jensen, B.J.L., Praet, N., Kaufman, D., Haeussler, P., Loso, M.G., De Batist, M., 2017. Varve formation during the past three centuries in three large proglacial lakes in south-central Alaska. GSA Bulletin 130, 757–774. https://doi.org/10.1130/B31792.1",-150.304341827754,60.4019845346655,2.8699999999999997,Skilak
1858,"Boes, E., Van Daele, M., Moernaut, J., Schmidt, S., Jensen, B.J.L., Praet, N., Kaufman, D., Haeussler, P., Loso, M.G., De Batist, M., 2017. Varve formation during the past three centuries in three large proglacial lakes in south-central Alaska. GSA Bulletin 130, 757–774. https://doi.org/10.1130/B31792.1",-150.304341827754,60.4019845346655,3.43,Skilak
1857,"Boes, E., Van Daele, M., Moernaut, J., Schmidt, S., Jensen, B.J.L., Praet, N., Kaufman, D., Haeussler, P., Loso, M.G., De Batist, M., 2017. Varve formation during the past three centuries in three large proglacial lakes in south-central Alaska. GSA Bulletin 130, 757–774. https://doi.org/10.1130/B31792.1",-150.304341827754,60.4019845346655,2.6,Skilak
1856,"Boes, E., Van Daele, M., Moernaut, J., Schmidt, S., Jensen, B.J.L., Praet, N., Kaufman, D., Haeussler, P., Loso, M.G., De Batist, M., 2017. Varve formation during the past three centuries in three large proglacial lakes in south-central Alaska. GSA Bulletin 130, 757–774. https://doi.org/10.1130/B31792.1",-150.304341827754,60.4019845346655,3.16,Skilak
1855,"Boes, E., Van Daele, M., Moernaut, J., Schmidt, S., Jensen, B.J.L., Praet, N., Kaufman, D., Haeussler, P., Loso, M.G., De Batist, M., 2017. Varve formation during the past three centuries in three large proglacial lakes in south-central Alaska. GSA Bulletin 130, 757–774. https://doi.org/10.1130/B31792.1",-150.304341827754,60.4019845346655,3.4200000000000004,Skilak
1854,"Boes, E., Van Daele, M., Moernaut, J., Schmidt, S., Jensen, B.J.L., Praet, N., Kaufman, D., Haeussler, P., Loso, M.G., De Batist, M., 2017. Varve formation during the past three centuries in three large proglacial lakes in south-central Alaska. GSA Bulletin 130, 757–774. https://doi.org/10.1130/B31792.1",-150.304341827754,60.4019845346655,2.88,Skilak
1853,"Boes, E., Van Daele, M., Moernaut, J., Schmidt, S., Jensen, B.J.L., Praet, N., Kaufman, D., Haeussler, P., Loso, M.G., De Batist, M., 2017. Varve formation during the past three centuries in three large proglacial lakes in south-central Alaska. GSA Bulletin 130, 757–774. https://doi.org/10.1130/B31792.1",-150.304341827754,60.4019845346655,3.84,Skilak
1852,"Boes, E., Van Daele, M., Moernaut, J., Schmidt, S., Jensen, B.J.L., Praet, N., Kaufman, D., Haeussler, P., Loso, M.G., De Batist, M., 2017. Varve formation during the past three centuries in three large proglacial lakes in south-central Alaska. GSA Bulletin 130, 757–774. https://doi.org/10.1130/B31792.1",-150.304341827754,60.4019845346655,2.74,Skilak
1851,"Boes, E., Van Daele, M., Moernaut, J., Schmidt, S., Jensen, B.J.L., Praet, N., Kaufman, D., Haeussler, P., Loso, M.G., De Batist, M., 2017. Varve formation during the past three centuries in three large proglacial lakes in south-central Alaska. GSA Bulletin 130, 757–774. https://doi.org/10.1130/B31792.1",-150.304341827754,60.4019845346655,3.02,Skilak
1850,"Boes, E., Van Daele, M., Moernaut, J., Schmidt, S., Jensen, B.J.L., Praet, N., Kaufman, D., Haeussler, P., Loso, M.G., De Batist, M., 2017. Varve formation during the past three centuries in three large proglacial lakes in south-central Alaska. GSA Bulletin 130, 757–774. https://doi.org/10.1130/B31792.1",-150.304341827754,60.4019845346655,2.8699999999999997,Skilak
1849,"Boes, E., Van Daele, M., Moernaut, J., Schmidt, S., Jensen, B.J.L., Praet, N., Kaufman, D., Haeussler, P., Loso, M.G., De Batist, M., 2017. Varve formation during the past three centuries in three large proglacial lakes in south-central Alaska. GSA Bulletin 130, 757–774. https://doi.org/10.1130/B31792.1",-150.304341827754,60.4019845346655,3.43,Skilak
1848,"Boes, E., Van Daele, M., Moernaut, J., Schmidt, S., Jensen, B.J.L., Praet, N., Kaufman, D., Haeussler, P., Loso, M.G., De Batist, M., 2017. Varve formation during the past three centuries in three large proglacial lakes in south-central Alaska. GSA Bulletin 130, 757–774. https://doi.org/10.1130/B31792.1",-150.304341827754,60.4019845346655,4.050000000000001,Skilak
1847,"Boes, E., Van Daele, M., Moernaut, J., Schmidt, S., Jensen, B.J.L., Praet, N., Kaufman, D., Haeussler, P., Loso, M.G., De Batist, M., 2017. Varve formation during the past three centuries in three large proglacial lakes in south-central Alaska. GSA Bulletin 130, 757–774. https://doi.org/10.1130/B31792.1",-150.304341827754,60.4019845346655,4.66,Skilak
1846,"Boes, E., Van Daele, M., Moernaut, J., Schmidt, S., Jensen, B.J.L., Praet, N., Kaufman, D., Haeussler, P., Loso, M.G., De Batist, M., 2017. Varve formation during the past three centuries in three large proglacial lakes in south-central Alaska. GSA Bulletin 130, 757–774. https://doi.org/10.1130/B31792.1",-150.304341827754,60.4019845346655,2.74,Skilak
1845,"Boes, E., Van Daele, M., Moernaut, J., Schmidt, S., Jensen, B.J.L., Praet, N., Kaufman, D., Haeussler, P., Loso, M.G., De Batist, M., 2017. Varve formation during the past three centuries in three large proglacial lakes in south-central Alaska. GSA Bulletin 130, 757–774. https://doi.org/10.1130/B31792.1",-150.304341827754,60.4019845346655,3.57,Skilak
1844,"Boes, E., Van Daele, M., Moernaut, J., Schmidt, S., Jensen, B.J.L., Praet, N., Kaufman, D., Haeussler, P., Loso, M.G., De Batist, M., 2017. Varve formation during the past three centuries in three large proglacial lakes in south-central Alaska. GSA Bulletin 130, 757–774. https://doi.org/10.1130/B31792.1",-150.304341827754,60.4019845346655,2.8699999999999997,Skilak
1843,"Boes, E., Van Daele, M., Moernaut, J., Schmidt, S., Jensen, B.J.L., Praet, N., Kaufman, D., Haeussler, P., Loso, M.G., De Batist, M., 2017. Varve formation during the past three centuries in three large proglacial lakes in south-central Alaska. GSA Bulletin 130, 757–774. https://doi.org/10.1130/B31792.1",-150.304341827754,60.4019845346655,3.16,Skilak
1842,"Boes, E., Van Daele, M., Moernaut, J., Schmidt, S., Jensen, B.J.L., Praet, N., Kaufman, D., Haeussler, P., Loso, M.G., De Batist, M., 2017. Varve formation during the past three centuries in three large proglacial lakes in south-central Alaska. GSA Bulletin 130, 757–774. https://doi.org/10.1130/B31792.1",-150.304341827754,60.4019845346655,3.7,Skilak
1841,"Boes, E., Van Daele, M., Moernaut, J., Schmidt, S., Jensen, B.J.L., Praet, N., Kaufman, D., Haeussler, P., Loso, M.G., De Batist, M., 2017. Varve formation during the past three centuries in three large proglacial lakes in south-central Alaska. GSA Bulletin 130, 757–774. https://doi.org/10.1130/B31792.1",-150.304341827754,60.4019845346655,3.15,Skilak
1840,"Boes, E., Van Daele, M., Moernaut, J., Schmidt, S., Jensen, B.J.L., Praet, N., Kaufman, D., Haeussler, P., Loso, M.G., De Batist, M., 2017. Varve formation during the past three centuries in three large proglacial lakes in south-central Alaska. GSA Bulletin 130, 757–774. https://doi.org/10.1130/B31792.1",-150.304341827754,60.4019845346655,3.15,Skilak
1839,"Boes, E., Van Daele, M., Moernaut, J., Schmidt, S., Jensen, B.J.L., Praet, N., Kaufman, D., Haeussler, P., Loso, M.G., De Batist, M., 2017. Varve formation during the past three centuries in three large proglacial lakes in south-central Alaska. GSA Bulletin 130, 757–774. https://doi.org/10.1130/B31792.1",-150.304341827754,60.4019845346655,3.29,Skilak
1838,"Boes, E., Van Daele, M., Moernaut, J., Schmidt, S., Jensen, B.J.L., Praet, N., Kaufman, D., Haeussler, P., Loso, M.G., De Batist, M., 2017. Varve formation during the past three centuries in three large proglacial lakes in south-central Alaska. GSA Bulletin 130, 757–774. https://doi.org/10.1130/B31792.1",-150.304341827754,60.4019845346655,3.29,Skilak
1837,"Boes, E., Van Daele, M., Moernaut, J., Schmidt, S., Jensen, B.J.L., Praet, N., Kaufman, D., Haeussler, P., Loso, M.G., De Batist, M., 2017. Varve formation during the past three centuries in three large proglacial lakes in south-central Alaska. GSA Bulletin 130, 757–774. https://doi.org/10.1130/B31792.1",-150.304341827754,60.4019845346655,2.33,Skilak
1836,"Boes, E., Van Daele, M., Moernaut, J., Schmidt, S., Jensen, B.J.L., Praet, N., Kaufman, D., Haeussler, P., Loso, M.G., De Batist, M., 2017. Varve formation during the past three centuries in three large proglacial lakes in south-central Alaska. GSA Bulletin 130, 757–774. https://doi.org/10.1130/B31792.1",-150.304341827754,60.4019845346655,2.88,Skilak
1835,"Boes, E., Van Daele, M., Moernaut, J., Schmidt, S., Jensen, B.J.L., Praet, N., Kaufman, D., Haeussler, P., Loso, M.G., De Batist, M., 2017. Varve formation during the past three centuries in three large proglacial lakes in south-central Alaska. GSA Bulletin 130, 757–774. https://doi.org/10.1130/B31792.1",-150.304341827754,60.4019845346655,4.25,Skilak
1834,"Boes, E., Van Daele, M., Moernaut, J., Schmidt, S., Jensen, B.J.L., Praet, N., Kaufman, D., Haeussler, P., Loso, M.G., De Batist, M., 2017. Varve formation during the past three centuries in three large proglacial lakes in south-central Alaska. GSA Bulletin 130, 757–774. https://doi.org/10.1130/B31792.1",-150.304341827754,60.4019845346655,2.74,Skilak
1833,"Boes, E., Van Daele, M., Moernaut, J., Schmidt, S., Jensen, B.J.L., Praet, N., Kaufman, D., Haeussler, P., Loso, M.G., De Batist, M., 2017. Varve formation during the past three centuries in three large proglacial lakes in south-central Alaska. GSA Bulletin 130, 757–774. https://doi.org/10.1130/B31792.1",-150.304341827754,60.4019845346655,3.43,Skilak
1832,"Boes, E., Van Daele, M., Moernaut, J., Schmidt, S., Jensen, B.J.L., Praet, N., Kaufman, D., Haeussler, P., Loso, M.G., De Batist, M., 2017. Varve formation during the past three centuries in three large proglacial lakes in south-central Alaska. GSA Bulletin 130, 757–774. https://doi.org/10.1130/B31792.1",-150.304341827754,60.4019845346655,3.15,Skilak
1831,"Boes, E., Van Daele, M., Moernaut, J., Schmidt, S., Jensen, B.J.L., Praet, N., Kaufman, D., Haeussler, P., Loso, M.G., De Batist, M., 2017. Varve formation during the past three centuries in three large proglacial lakes in south-central Alaska. GSA Bulletin 130, 757–774. https://doi.org/10.1130/B31792.1",-150.304341827754,60.4019845346655,3.15,Skilak
1830,"Boes, E., Van Daele, M., Moernaut, J., Schmidt, S., Jensen, B.J.L., Praet, N., Kaufman, D., Haeussler, P., Loso, M.G., De Batist, M., 2017. Varve formation during the past three centuries in three large proglacial lakes in south-central Alaska. GSA Bulletin 130, 757–774. https://doi.org/10.1130/B31792.1",-150.304341827754,60.4019845346655,2.6,Skilak
1829,"Boes, E., Van Daele, M., Moernaut, J., Schmidt, S., Jensen, B.J.L., Praet, N., Kaufman, D., Haeussler, P., Loso, M.G., De Batist, M., 2017. Varve formation during the past three centuries in three large proglacial lakes in south-central Alaska. GSA Bulletin 130, 757–774. https://doi.org/10.1130/B31792.1",-150.304341827754,60.4019845346655,3.29,Skilak
1828,"Boes, E., Van Daele, M., Moernaut, J., Schmidt, S., Jensen, B.J.L., Praet, N., Kaufman, D., Haeussler, P., Loso, M.G., De Batist, M., 2017. Varve formation during the past three centuries in three large proglacial lakes in south-central Alaska. GSA Bulletin 130, 757–774. https://doi.org/10.1130/B31792.1",-150.304341827754,60.4019845346655,3.29,Skilak
1827,"Boes, E., Van Daele, M., Moernaut, J., Schmidt, S., Jensen, B.J.L., Praet, N., Kaufman, D., Haeussler, P., Loso, M.G., De Batist, M., 2017. Varve formation during the past three centuries in three large proglacial lakes in south-central Alaska. GSA Bulletin 130, 757–774. https://doi.org/10.1130/B31792.1",-150.304341827754,60.4019845346655,3.7,Skilak
1826,"Boes, E., Van Daele, M., Moernaut, J., Schmidt, S., Jensen, B.J.L., Praet, N., Kaufman, D., Haeussler, P., Loso, M.G., De Batist, M., 2017. Varve formation during the past three centuries in three large proglacial lakes in south-central Alaska. GSA Bulletin 130, 757–774. https://doi.org/10.1130/B31792.1",-150.304341827754,60.4019845346655,2.75,Skilak
1825,"Boes, E., Van Daele, M., Moernaut, J., Schmidt, S., Jensen, B.J.L., Praet, N., Kaufman, D., Haeussler, P., Loso, M.G., De Batist, M., 2017. Varve formation during the past three centuries in three large proglacial lakes in south-central Alaska. GSA Bulletin 130, 757–774. https://doi.org/10.1130/B31792.1",-150.304341827754,60.4019845346655,2.33,Skilak
1824,"Boes, E., Van Daele, M., Moernaut, J., Schmidt, S., Jensen, B.J.L., Praet, N., Kaufman, D., Haeussler, P., Loso, M.G., De Batist, M., 2017. Varve formation during the past three centuries in three large proglacial lakes in south-central Alaska. GSA Bulletin 130, 757–774. https://doi.org/10.1130/B31792.1",-150.304341827754,60.4019845346655,3.15,Skilak
1823,"Boes, E., Van Daele, M., Moernaut, J., Schmidt, S., Jensen, B.J.L., Praet, N., Kaufman, D., Haeussler, P., Loso, M.G., De Batist, M., 2017. Varve formation during the past three centuries in three large proglacial lakes in south-central Alaska. GSA Bulletin 130, 757–774. https://doi.org/10.1130/B31792.1",-150.304341827754,60.4019845346655,4.5200000000000005,Skilak
1822,"Boes, E., Van Daele, M., Moernaut, J., Schmidt, S., Jensen, B.J.L., Praet, N., Kaufman, D., Haeussler, P., Loso, M.G., De Batist, M., 2017. Varve formation during the past three centuries in three large proglacial lakes in south-central Alaska. GSA Bulletin 130, 757–774. https://doi.org/10.1130/B31792.1",-150.304341827754,60.4019845346655,3.91,Skilak
1821,"Boes, E., Van Daele, M., Moernaut, J., Schmidt, S., Jensen, B.J.L., Praet, N., Kaufman, D., Haeussler, P., Loso, M.G., De Batist, M., 2017. Varve formation during the past three centuries in three large proglacial lakes in south-central Alaska. GSA Bulletin 130, 757–774. https://doi.org/10.1130/B31792.1",-150.304341827754,60.4019845346655,3.29,Skilak
1820,"Boes, E., Van Daele, M., Moernaut, J., Schmidt, S., Jensen, B.J.L., Praet, N., Kaufman, D., Haeussler, P., Loso, M.G., De Batist, M., 2017. Varve formation during the past three centuries in three large proglacial lakes in south-central Alaska. GSA Bulletin 130, 757–774. https://doi.org/10.1130/B31792.1",-150.304341827754,60.4019845346655,2.74,Skilak
1819,"Boes, E., Van Daele, M., Moernaut, J., Schmidt, S., Jensen, B.J.L., Praet, N., Kaufman, D., Haeussler, P., Loso, M.G., De Batist, M., 2017. Varve formation during the past three centuries in three large proglacial lakes in south-central Alaska. GSA Bulletin 130, 757–774. https://doi.org/10.1130/B31792.1",-150.304341827754,60.4019845346655,4.8,Skilak
1818,"Boes, E., Van Daele, M., Moernaut, J., Schmidt, S., Jensen, B.J.L., Praet, N., Kaufman, D., Haeussler, P., Loso, M.G., De Batist, M., 2017. Varve formation during the past three centuries in three large proglacial lakes in south-central Alaska. GSA Bulletin 130, 757–774. https://doi.org/10.1130/B31792.1",-150.304341827754,60.4019845346655,6.8500000000000005,Skilak
1817,"Boes, E., Van Daele, M., Moernaut, J., Schmidt, S., Jensen, B.J.L., Praet, N., Kaufman, D., Haeussler, P., Loso, M.G., De Batist, M., 2017. Varve formation during the past three centuries in three large proglacial lakes in south-central Alaska. GSA Bulletin 130, 757–774. https://doi.org/10.1130/B31792.1",-150.304341827754,60.4019845346655,2.2,Skilak
1816,"Boes, E., Van Daele, M., Moernaut, J., Schmidt, S., Jensen, B.J.L., Praet, N., Kaufman, D., Haeussler, P., Loso, M.G., De Batist, M., 2017. Varve formation during the past three centuries in three large proglacial lakes in south-central Alaska. GSA Bulletin 130, 757–774. https://doi.org/10.1130/B31792.1",-150.304341827754,60.4019845346655,4.24,Skilak
1815,"Boes, E., Van Daele, M., Moernaut, J., Schmidt, S., Jensen, B.J.L., Praet, N., Kaufman, D., Haeussler, P., Loso, M.G., De Batist, M., 2017. Varve formation during the past three centuries in three large proglacial lakes in south-central Alaska. GSA Bulletin 130, 757–774. https://doi.org/10.1130/B31792.1",-150.304341827754,60.4019845346655,3.9800000000000004,Skilak
1814,"Boes, E., Van Daele, M., Moernaut, J., Schmidt, S., Jensen, B.J.L., Praet, N., Kaufman, D., Haeussler, P., Loso, M.G., De Batist, M., 2017. Varve formation during the past three centuries in three large proglacial lakes in south-central Alaska. GSA Bulletin 130, 757–774. https://doi.org/10.1130/B31792.1",-150.304341827754,60.4019845346655,5.76,Skilak
1813,"Boes, E., Van Daele, M., Moernaut, J., Schmidt, S., Jensen, B.J.L., Praet, N., Kaufman, D., Haeussler, P., Loso, M.G., De Batist, M., 2017. Varve formation during the past three centuries in three large proglacial lakes in south-central Alaska. GSA Bulletin 130, 757–774. https://doi.org/10.1130/B31792.1",-150.304341827754,60.4019845346655,3.83,Skilak
1812,"Boes, E., Van Daele, M., Moernaut, J., Schmidt, S., Jensen, B.J.L., Praet, N., Kaufman, D., Haeussler, P., Loso, M.G., De Batist, M., 2017. Varve formation during the past three centuries in three large proglacial lakes in south-central Alaska. GSA Bulletin 130, 757–774. https://doi.org/10.1130/B31792.1",-150.304341827754,60.4019845346655,4.25,Skilak
1811,"Boes, E., Van Daele, M., Moernaut, J., Schmidt, S., Jensen, B.J.L., Praet, N., Kaufman, D., Haeussler, P., Loso, M.G., De Batist, M., 2017. Varve formation during the past three centuries in three large proglacial lakes in south-central Alaska. GSA Bulletin 130, 757–774. https://doi.org/10.1130/B31792.1",-150.304341827754,60.4019845346655,1.92,Skilak
1810,"Boes, E., Van Daele, M., Moernaut, J., Schmidt, S., Jensen, B.J.L., Praet, N., Kaufman, D., Haeussler, P., Loso, M.G., De Batist, M., 2017. Varve formation during the past three centuries in three large proglacial lakes in south-central Alaska. GSA Bulletin 130, 757–774. https://doi.org/10.1130/B31792.1",-150.304341827754,60.4019845346655,2.88,Skilak
1809,"Boes, E., Van Daele, M., Moernaut, J., Schmidt, S., Jensen, B.J.L., Praet, N., Kaufman, D., Haeussler, P., Loso, M.G., De Batist, M., 2017. Varve formation during the past three centuries in three large proglacial lakes in south-central Alaska. GSA Bulletin 130, 757–774. https://doi.org/10.1130/B31792.1",-150.304341827754,60.4019845346655,3.29,Skilak
1808,"Boes, E., Van Daele, M., Moernaut, J., Schmidt, S., Jensen, B.J.L., Praet, N., Kaufman, D., Haeussler, P., Loso, M.G., De Batist, M., 2017. Varve formation during the past three centuries in three large proglacial lakes in south-central Alaska. GSA Bulletin 130, 757–774. https://doi.org/10.1130/B31792.1",-150.304341827754,60.4019845346655,5.48,Skilak
1807,"Boes, E., Van Daele, M., Moernaut, J., Schmidt, S., Jensen, B.J.L., Praet, N., Kaufman, D., Haeussler, P., Loso, M.G., De Batist, M., 2017. Varve formation during the past three centuries in three large proglacial lakes in south-central Alaska. GSA Bulletin 130, 757–774. https://doi.org/10.1130/B31792.1",-150.304341827754,60.4019845346655,3.9800000000000004,Skilak
1806,"Boes, E., Van Daele, M., Moernaut, J., Schmidt, S., Jensen, B.J.L., Praet, N., Kaufman, D., Haeussler, P., Loso, M.G., De Batist, M., 2017. Varve formation during the past three centuries in three large proglacial lakes in south-central Alaska. GSA Bulletin 130, 757–774. https://doi.org/10.1130/B31792.1",-150.304341827754,60.4019845346655,4.109999999999999,Skilak
1805,"Boes, E., Van Daele, M., Moernaut, J., Schmidt, S., Jensen, B.J.L., Praet, N., Kaufman, D., Haeussler, P., Loso, M.G., De Batist, M., 2017. Varve formation during the past three centuries in three large proglacial lakes in south-central Alaska. GSA Bulletin 130, 757–774. https://doi.org/10.1130/B31792.1",-150.304341827754,60.4019845346655,3.4200000000000004,Skilak
1804,"Boes, E., Van Daele, M., Moernaut, J., Schmidt, S., Jensen, B.J.L., Praet, N., Kaufman, D., Haeussler, P., Loso, M.G., De Batist, M., 2017. Varve formation during the past three centuries in three large proglacial lakes in south-central Alaska. GSA Bulletin 130, 757–774. https://doi.org/10.1130/B31792.1",-150.304341827754,60.4019845346655,2.06,Skilak
1803,"Boes, E., Van Daele, M., Moernaut, J., Schmidt, S., Jensen, B.J.L., Praet, N., Kaufman, D., Haeussler, P., Loso, M.G., De Batist, M., 2017. Varve formation during the past three centuries in three large proglacial lakes in south-central Alaska. GSA Bulletin 130, 757–774. https://doi.org/10.1130/B31792.1",-150.304341827754,60.4019845346655,2.06,Skilak
1802,"Boes, E., Van Daele, M., Moernaut, J., Schmidt, S., Jensen, B.J.L., Praet, N., Kaufman, D., Haeussler, P., Loso, M.G., De Batist, M., 2017. Varve formation during the past three centuries in three large proglacial lakes in south-central Alaska. GSA Bulletin 130, 757–774. https://doi.org/10.1130/B31792.1",-150.304341827754,60.4019845346655,2.19,Skilak
1801,"Boes, E., Van Daele, M., Moernaut, J., Schmidt, S., Jensen, B.J.L., Praet, N., Kaufman, D., Haeussler, P., Loso, M.G., De Batist, M., 2017. Varve formation during the past three centuries in three large proglacial lakes in south-central Alaska. GSA Bulletin 130, 757–774. https://doi.org/10.1130/B31792.1",-150.304341827754,60.4019845346655,1.7799999999999998,Skilak
1800,"Boes, E., Van Daele, M., Moernaut, J., Schmidt, S., Jensen, B.J.L., Praet, N., Kaufman, D., Haeussler, P., Loso, M.G., De Batist, M., 2017. Varve formation during the past three centuries in three large proglacial lakes in south-central Alaska. GSA Bulletin 130, 757–774. https://doi.org/10.1130/B31792.1",-150.304341827754,60.4019845346655,2.33,Skilak
1799,"Boes, E., Van Daele, M., Moernaut, J., Schmidt, S., Jensen, B.J.L., Praet, N., Kaufman, D., Haeussler, P., Loso, M.G., De Batist, M., 2017. Varve formation during the past three centuries in three large proglacial lakes in south-central Alaska. GSA Bulletin 130, 757–774. https://doi.org/10.1130/B31792.1",-150.304341827754,60.4019845346655,3.84,Skilak
1798,"Boes, E., Van Daele, M., Moernaut, J., Schmidt, S., Jensen, B.J.L., Praet, N., Kaufman, D., Haeussler, P., Loso, M.G., De Batist, M., 2017. Varve formation during the past three centuries in three large proglacial lakes in south-central Alaska. GSA Bulletin 130, 757–774. https://doi.org/10.1130/B31792.1",-150.304341827754,60.4019845346655,4.5200000000000005,Skilak
1797,"Boes, E., Van Daele, M., Moernaut, J., Schmidt, S., Jensen, B.J.L., Praet, N., Kaufman, D., Haeussler, P., Loso, M.G., De Batist, M., 2017. Varve formation during the past three centuries in three large proglacial lakes in south-central Alaska. GSA Bulletin 130, 757–774. https://doi.org/10.1130/B31792.1",-150.304341827754,60.4019845346655,3.02,Skilak
1796,"Boes, E., Van Daele, M., Moernaut, J., Schmidt, S., Jensen, B.J.L., Praet, N., Kaufman, D., Haeussler, P., Loso, M.G., De Batist, M., 2017. Varve formation during the past three centuries in three large proglacial lakes in south-central Alaska. GSA Bulletin 130, 757–774. https://doi.org/10.1130/B31792.1",-150.304341827754,60.4019845346655,3.14,Skilak
1795,"Boes, E., Van Daele, M., Moernaut, J., Schmidt, S., Jensen, B.J.L., Praet, N., Kaufman, D., Haeussler, P., Loso, M.G., De Batist, M., 2017. Varve formation during the past three centuries in three large proglacial lakes in south-central Alaska. GSA Bulletin 130, 757–774. https://doi.org/10.1130/B31792.1",-150.304341827754,60.4019845346655,3.5599999999999996,Skilak
1794,"Boes, E., Van Daele, M., Moernaut, J., Schmidt, S., Jensen, B.J.L., Praet, N., Kaufman, D., Haeussler, P., Loso, M.G., De Batist, M., 2017. Varve formation during the past three centuries in three large proglacial lakes in south-central Alaska. GSA Bulletin 130, 757–774. https://doi.org/10.1130/B31792.1",-150.304341827754,60.4019845346655,3.7,Skilak
1793,"Boes, E., Van Daele, M., Moernaut, J., Schmidt, S., Jensen, B.J.L., Praet, N., Kaufman, D., Haeussler, P., Loso, M.G., De Batist, M., 2017. Varve formation during the past three centuries in three large proglacial lakes in south-central Alaska. GSA Bulletin 130, 757–774. https://doi.org/10.1130/B31792.1",-150.304341827754,60.4019845346655,3.43,Skilak
1792,"Boes, E., Van Daele, M., Moernaut, J., Schmidt, S., Jensen, B.J.L., Praet, N., Kaufman, D., Haeussler, P., Loso, M.G., De Batist, M., 2017. Varve formation during the past three centuries in three large proglacial lakes in south-central Alaska. GSA Bulletin 130, 757–774. https://doi.org/10.1130/B31792.1",-150.304341827754,60.4019845346655,3.01,Skilak
1791,"Boes, E., Van Daele, M., Moernaut, J., Schmidt, S., Jensen, B.J.L., Praet, N., Kaufman, D., Haeussler, P., Loso, M.G., De Batist, M., 2017. Varve formation during the past three centuries in three large proglacial lakes in south-central Alaska. GSA Bulletin 130, 757–774. https://doi.org/10.1130/B31792.1",-150.304341827754,60.4019845346655,3.7,Skilak
1790,"Boes, E., Van Daele, M., Moernaut, J., Schmidt, S., Jensen, B.J.L., Praet, N., Kaufman, D., Haeussler, P., Loso, M.G., De Batist, M., 2017. Varve formation during the past three centuries in three large proglacial lakes in south-central Alaska. GSA Bulletin 130, 757–774. https://doi.org/10.1130/B31792.1",-150.304341827754,60.4019845346655,3.29,Skilak
1789,"Boes, E., Van Daele, M., Moernaut, J., Schmidt, S., Jensen, B.J.L., Praet, N., Kaufman, D., Haeussler, P., Loso, M.G., De Batist, M., 2017. Varve formation during the past three centuries in three large proglacial lakes in south-central Alaska. GSA Bulletin 130, 757–774. https://doi.org/10.1130/B31792.1",-150.304341827754,60.4019845346655,3.7,Skilak
1788,"Boes, E., Van Daele, M., Moernaut, J., Schmidt, S., Jensen, B.J.L., Praet, N., Kaufman, D., Haeussler, P., Loso, M.G., De Batist, M., 2017. Varve formation during the past three centuries in three large proglacial lakes in south-central Alaska. GSA Bulletin 130, 757–774. https://doi.org/10.1130/B31792.1",-150.304341827754,60.4019845346655,2.6100000000000003,Skilak
1787,"Boes, E., Van Daele, M., Moernaut, J., Schmidt, S., Jensen, B.J.L., Praet, N., Kaufman, D., Haeussler, P., Loso, M.G., De Batist, M., 2017. Varve formation during the past three centuries in three large proglacial lakes in south-central Alaska. GSA Bulletin 130, 757–774. https://doi.org/10.1130/B31792.1",-150.304341827754,60.4019845346655,2.74,Skilak
1786,"Boes, E., Van Daele, M., Moernaut, J., Schmidt, S., Jensen, B.J.L., Praet, N., Kaufman, D., Haeussler, P., Loso, M.G., De Batist, M., 2017. Varve formation during the past three centuries in three large proglacial lakes in south-central Alaska. GSA Bulletin 130, 757–774. https://doi.org/10.1130/B31792.1",-150.304341827754,60.4019845346655,4.5200000000000005,Skilak
1785,"Boes, E., Van Daele, M., Moernaut, J., Schmidt, S., Jensen, B.J.L., Praet, N., Kaufman, D., Haeussler, P., Loso, M.G., De Batist, M., 2017. Varve formation during the past three centuries in three large proglacial lakes in south-central Alaska. GSA Bulletin 130, 757–774. https://doi.org/10.1130/B31792.1",-150.304341827754,60.4019845346655,3.7,Skilak
1784,"Boes, E., Van Daele, M., Moernaut, J., Schmidt, S., Jensen, B.J.L., Praet, N., Kaufman, D., Haeussler, P., Loso, M.G., De Batist, M., 2017. Varve formation during the past three centuries in three large proglacial lakes in south-central Alaska. GSA Bulletin 130, 757–774. https://doi.org/10.1130/B31792.1",-150.304341827754,60.4019845346655,2.88,Skilak
1783,"Boes, E., Van Daele, M., Moernaut, J., Schmidt, S., Jensen, B.J.L., Praet, N., Kaufman, D., Haeussler, P., Loso, M.G., De Batist, M., 2017. Varve formation during the past three centuries in three large proglacial lakes in south-central Alaska. GSA Bulletin 130, 757–774. https://doi.org/10.1130/B31792.1",-150.304341827754,60.4019845346655,4.39,Skilak
1782,"Boes, E., Van Daele, M., Moernaut, J., Schmidt, S., Jensen, B.J.L., Praet, N., Kaufman, D., Haeussler, P., Loso, M.G., De Batist, M., 2017. Varve formation during the past three centuries in three large proglacial lakes in south-central Alaska. GSA Bulletin 130, 757–774. https://doi.org/10.1130/B31792.1",-150.304341827754,60.4019845346655,4.79,Skilak
1781,"Boes, E., Van Daele, M., Moernaut, J., Schmidt, S., Jensen, B.J.L., Praet, N., Kaufman, D., Haeussler, P., Loso, M.G., De Batist, M., 2017. Varve formation during the past three centuries in three large proglacial lakes in south-central Alaska. GSA Bulletin 130, 757–774. https://doi.org/10.1130/B31792.1",-150.304341827754,60.4019845346655,3.29,Skilak
1780,"Boes, E., Van Daele, M., Moernaut, J., Schmidt, S., Jensen, B.J.L., Praet, N., Kaufman, D., Haeussler, P., Loso, M.G., De Batist, M., 2017. Varve formation during the past three centuries in three large proglacial lakes in south-central Alaska. GSA Bulletin 130, 757–774. https://doi.org/10.1130/B31792.1",-150.304341827754,60.4019845346655,3.29,Skilak
1779,"Boes, E., Van Daele, M., Moernaut, J., Schmidt, S., Jensen, B.J.L., Praet, N., Kaufman, D., Haeussler, P., Loso, M.G., De Batist, M., 2017. Varve formation during the past three centuries in three large proglacial lakes in south-central Alaska. GSA Bulletin 130, 757–774. https://doi.org/10.1130/B31792.1",-150.304341827754,60.4019845346655,3.57,Skilak
1778,"Boes, E., Van Daele, M., Moernaut, J., Schmidt, S., Jensen, B.J.L., Praet, N., Kaufman, D., Haeussler, P., Loso, M.G., De Batist, M., 2017. Varve formation during the past three centuries in three large proglacial lakes in south-central Alaska. GSA Bulletin 130, 757–774. https://doi.org/10.1130/B31792.1",-150.304341827754,60.4019845346655,3.5599999999999996,Skilak
1777,"Boes, E., Van Daele, M., Moernaut, J., Schmidt, S., Jensen, B.J.L., Praet, N., Kaufman, D., Haeussler, P., Loso, M.G., De Batist, M., 2017. Varve formation during the past three centuries in three large proglacial lakes in south-central Alaska. GSA Bulletin 130, 757–774. https://doi.org/10.1130/B31792.1",-150.304341827754,60.4019845346655,2.88,Skilak
1776,"Boes, E., Van Daele, M., Moernaut, J., Schmidt, S., Jensen, B.J.L., Praet, N., Kaufman, D., Haeussler, P., Loso, M.G., De Batist, M., 2017. Varve formation during the past three centuries in three large proglacial lakes in south-central Alaska. GSA Bulletin 130, 757–774. https://doi.org/10.1130/B31792.1",-150.304341827754,60.4019845346655,5.07,Skilak
1775,"Boes, E., Van Daele, M., Moernaut, J., Schmidt, S., Jensen, B.J.L., Praet, N., Kaufman, D., Haeussler, P., Loso, M.G., De Batist, M., 2017. Varve formation during the past three centuries in three large proglacial lakes in south-central Alaska. GSA Bulletin 130, 757–774. https://doi.org/10.1130/B31792.1",-150.304341827754,60.4019845346655,3.5599999999999996,Skilak
1774,"Boes, E., Van Daele, M., Moernaut, J., Schmidt, S., Jensen, B.J.L., Praet, N., Kaufman, D., Haeussler, P., Loso, M.G., De Batist, M., 2017. Varve formation during the past three centuries in three large proglacial lakes in south-central Alaska. GSA Bulletin 130, 757–774. https://doi.org/10.1130/B31792.1",-150.304341827754,60.4019845346655,3.02,Skilak
1773,"Boes, E., Van Daele, M., Moernaut, J., Schmidt, S., Jensen, B.J.L., Praet, N., Kaufman, D., Haeussler, P., Loso, M.G., De Batist, M., 2017. Varve formation during the past three centuries in three large proglacial lakes in south-central Alaska. GSA Bulletin 130, 757–774. https://doi.org/10.1130/B31792.1",-150.304341827754,60.4019845346655,3.97,Skilak
1772,"Boes, E., Van Daele, M., Moernaut, J., Schmidt, S., Jensen, B.J.L., Praet, N., Kaufman, D., Haeussler, P., Loso, M.G., De Batist, M., 2017. Varve formation during the past three centuries in three large proglacial lakes in south-central Alaska. GSA Bulletin 130, 757–774. https://doi.org/10.1130/B31792.1",-150.304341827754,60.4019845346655,3.84,Skilak
1771,"Boes, E., Van Daele, M., Moernaut, J., Schmidt, S., Jensen, B.J.L., Praet, N., Kaufman, D., Haeussler, P., Loso, M.G., De Batist, M., 2017. Varve formation during the past three centuries in three large proglacial lakes in south-central Alaska. GSA Bulletin 130, 757–774. https://doi.org/10.1130/B31792.1",-150.304341827754,60.4019845346655,3.43,Skilak
1770,"Boes, E., Van Daele, M., Moernaut, J., Schmidt, S., Jensen, B.J.L., Praet, N., Kaufman, D., Haeussler, P., Loso, M.G., De Batist, M., 2017. Varve formation during the past three centuries in three large proglacial lakes in south-central Alaska. GSA Bulletin 130, 757–774. https://doi.org/10.1130/B31792.1",-150.304341827754,60.4019845346655,3.02,Skilak
1769,"Boes, E., Van Daele, M., Moernaut, J., Schmidt, S., Jensen, B.J.L., Praet, N., Kaufman, D., Haeussler, P., Loso, M.G., De Batist, M., 2017. Varve formation during the past three centuries in three large proglacial lakes in south-central Alaska. GSA Bulletin 130, 757–774. https://doi.org/10.1130/B31792.1",-150.304341827754,60.4019845346655,3.83,Skilak
1768,"Boes, E., Van Daele, M., Moernaut, J., Schmidt, S., Jensen, B.J.L., Praet, N., Kaufman, D., Haeussler, P., Loso, M.G., De Batist, M., 2017. Varve formation during the past three centuries in three large proglacial lakes in south-central Alaska. GSA Bulletin 130, 757–774. https://doi.org/10.1130/B31792.1",-150.304341827754,60.4019845346655,3.57,Skilak
1767,"Boes, E., Van Daele, M., Moernaut, J., Schmidt, S., Jensen, B.J.L., Praet, N., Kaufman, D., Haeussler, P., Loso, M.G., De Batist, M., 2017. Varve formation during the past three centuries in three large proglacial lakes in south-central Alaska. GSA Bulletin 130, 757–774. https://doi.org/10.1130/B31792.1",-150.304341827754,60.4019845346655,3.4200000000000004,Skilak
1766,"Boes, E., Van Daele, M., Moernaut, J., Schmidt, S., Jensen, B.J.L., Praet, N., Kaufman, D., Haeussler, P., Loso, M.G., De Batist, M., 2017. Varve formation during the past three centuries in three large proglacial lakes in south-central Alaska. GSA Bulletin 130, 757–774. https://doi.org/10.1130/B31792.1",-150.304341827754,60.4019845346655,5.08,Skilak
1765,"Boes, E., Van Daele, M., Moernaut, J., Schmidt, S., Jensen, B.J.L., Praet, N., Kaufman, D., Haeussler, P., Loso, M.G., De Batist, M., 2017. Varve formation during the past three centuries in three large proglacial lakes in south-central Alaska. GSA Bulletin 130, 757–774. https://doi.org/10.1130/B31792.1",-150.304341827754,60.4019845346655,2.74,Skilak
1764,"Boes, E., Van Daele, M., Moernaut, J., Schmidt, S., Jensen, B.J.L., Praet, N., Kaufman, D., Haeussler, P., Loso, M.G., De Batist, M., 2017. Varve formation during the past three centuries in three large proglacial lakes in south-central Alaska. GSA Bulletin 130, 757–774. https://doi.org/10.1130/B31792.1",-150.304341827754,60.4019845346655,3.15,Skilak
1763,"Boes, E., Van Daele, M., Moernaut, J., Schmidt, S., Jensen, B.J.L., Praet, N., Kaufman, D., Haeussler, P., Loso, M.G., De Batist, M., 2017. Varve formation during the past three centuries in three large proglacial lakes in south-central Alaska. GSA Bulletin 130, 757–774. https://doi.org/10.1130/B31792.1",-150.304341827754,60.4019845346655,3.5599999999999996,Skilak
1762,"Boes, E., Van Daele, M., Moernaut, J., Schmidt, S., Jensen, B.J.L., Praet, N., Kaufman, D., Haeussler, P., Loso, M.G., De Batist, M., 2017. Varve formation during the past three centuries in three large proglacial lakes in south-central Alaska. GSA Bulletin 130, 757–774. https://doi.org/10.1130/B31792.1",-150.304341827754,60.4019845346655,5.3500000000000005,Skilak
1761,"Boes, E., Van Daele, M., Moernaut, J., Schmidt, S., Jensen, B.J.L., Praet, N., Kaufman, D., Haeussler, P., Loso, M.G., De Batist, M., 2017. Varve formation during the past three centuries in three large proglacial lakes in south-central Alaska. GSA Bulletin 130, 757–774. https://doi.org/10.1130/B31792.1",-150.304341827754,60.4019845346655,3.01,Skilak
1760,"Boes, E., Van Daele, M., Moernaut, J., Schmidt, S., Jensen, B.J.L., Praet, N., Kaufman, D., Haeussler, P., Loso, M.G., De Batist, M., 2017. Varve formation during the past three centuries in three large proglacial lakes in south-central Alaska. GSA Bulletin 130, 757–774. https://doi.org/10.1130/B31792.1",-150.304341827754,60.4019845346655,2.06,Skilak
1759,"Boes, E., Van Daele, M., Moernaut, J., Schmidt, S., Jensen, B.J.L., Praet, N., Kaufman, D., Haeussler, P., Loso, M.G., De Batist, M., 2017. Varve formation during the past three centuries in three large proglacial lakes in south-central Alaska. GSA Bulletin 130, 757–774. https://doi.org/10.1130/B31792.1",-150.304341827754,60.4019845346655,2.74,Skilak
1758,"Boes, E., Van Daele, M., Moernaut, J., Schmidt, S., Jensen, B.J.L., Praet, N., Kaufman, D., Haeussler, P., Loso, M.G., De Batist, M., 2017. Varve formation during the past three centuries in three large proglacial lakes in south-central Alaska. GSA Bulletin 130, 757–774. https://doi.org/10.1130/B31792.1",-150.304341827754,60.4019845346655,5.48,Skilak
1757,"Boes, E., Van Daele, M., Moernaut, J., Schmidt, S., Jensen, B.J.L., Praet, N., Kaufman, D., Haeussler, P., Loso, M.G., De Batist, M., 2017. Varve formation during the past three centuries in three large proglacial lakes in south-central Alaska. GSA Bulletin 130, 757–774. https://doi.org/10.1130/B31792.1",-150.304341827754,60.4019845346655,2.33,Skilak
1756,"Boes, E., Van Daele, M., Moernaut, J., Schmidt, S., Jensen, B.J.L., Praet, N., Kaufman, D., Haeussler, P., Loso, M.G., De Batist, M., 2017. Varve formation during the past three centuries in three large proglacial lakes in south-central Alaska. GSA Bulletin 130, 757–774. https://doi.org/10.1130/B31792.1",-150.304341827754,60.4019845346655,3.43,Skilak
1755,"Boes, E., Van Daele, M., Moernaut, J., Schmidt, S., Jensen, B.J.L., Praet, N., Kaufman, D., Haeussler, P., Loso, M.G., De Batist, M., 2017. Varve formation during the past three centuries in three large proglacial lakes in south-central Alaska. GSA Bulletin 130, 757–774. https://doi.org/10.1130/B31792.1",-150.304341827754,60.4019845346655,3.01,Skilak
1754,"Boes, E., Van Daele, M., Moernaut, J., Schmidt, S., Jensen, B.J.L., Praet, N., Kaufman, D., Haeussler, P., Loso, M.G., De Batist, M., 2017. Varve formation during the past three centuries in three large proglacial lakes in south-central Alaska. GSA Bulletin 130, 757–774. https://doi.org/10.1130/B31792.1",-150.304341827754,60.4019845346655,2.6100000000000003,Skilak
1753,"Boes, E., Van Daele, M., Moernaut, J., Schmidt, S., Jensen, B.J.L., Praet, N., Kaufman, D., Haeussler, P., Loso, M.G., De Batist, M., 2017. Varve formation during the past three centuries in three large proglacial lakes in south-central Alaska. GSA Bulletin 130, 757–774. https://doi.org/10.1130/B31792.1",-150.304341827754,60.4019845346655,3.43,Skilak
1752,"Boes, E., Van Daele, M., Moernaut, J., Schmidt, S., Jensen, B.J.L., Praet, N., Kaufman, D., Haeussler, P., Loso, M.G., De Batist, M., 2017. Varve formation during the past three centuries in three large proglacial lakes in south-central Alaska. GSA Bulletin 130, 757–774. https://doi.org/10.1130/B31792.1",-150.304341827754,60.4019845346655,2.46,Skilak
1751,"Boes, E., Van Daele, M., Moernaut, J., Schmidt, S., Jensen, B.J.L., Praet, N., Kaufman, D., Haeussler, P., Loso, M.G., De Batist, M., 2017. Varve formation during the past three centuries in three large proglacial lakes in south-central Alaska. GSA Bulletin 130, 757–774. https://doi.org/10.1130/B31792.1",-150.304341827754,60.4019845346655,2.74,Skilak
1750,"Boes, E., Van Daele, M., Moernaut, J., Schmidt, S., Jensen, B.J.L., Praet, N., Kaufman, D., Haeussler, P., Loso, M.G., De Batist, M., 2017. Varve formation during the past three centuries in three large proglacial lakes in south-central Alaska. GSA Bulletin 130, 757–774. https://doi.org/10.1130/B31792.1",-150.304341827754,60.4019845346655,2.33,Skilak
1749,"Boes, E., Van Daele, M., Moernaut, J., Schmidt, S., Jensen, B.J.L., Praet, N., Kaufman, D., Haeussler, P., Loso, M.G., De Batist, M., 2017. Varve formation during the past three centuries in three large proglacial lakes in south-central Alaska. GSA Bulletin 130, 757–774. https://doi.org/10.1130/B31792.1",-150.304341827754,60.4019845346655,3.29,Skilak
