age_CE,light_lamin_thick,dark_lamin_thick,ref,lon,lat,varve_thick,lake_name
2001,0.132,0.07,"Woodbridge, Jessie, Ph.D. thesis, University of Plymouth ‘Late Holocene lake diatom-inferred palaeoclimate from central Turkey'. 2009",34.456106,38.340367,0.202,Nar Gölü
1999,0.073,0.04,"Woodbridge, Jessie, Ph.D. thesis, University of Plymouth ‘Late Holocene lake diatom-inferred palaeoclimate from central Turkey'. 2009",34.456106,38.340367,0.11299999999999999,Nar Gölü
1997,0.1,0.025,"Woodbridge, Jessie, Ph.D. thesis, University of Plymouth ‘Late Holocene lake diatom-inferred palaeoclimate from central Turkey'. 2009",34.456106,38.340367,0.125,Nar Gölü
1995,0.05,0.023,"Woodbridge, Jessie, Ph.D. thesis, University of Plymouth ‘Late Holocene lake diatom-inferred palaeoclimate from central Turkey'. 2009",34.456106,38.340367,0.07300000000000001,Nar Gölü
1993,0.08,0.01,"Woodbridge, Jessie, Ph.D. thesis, University of Plymouth ‘Late Holocene lake diatom-inferred palaeoclimate from central Turkey'. 2009",34.456106,38.340367,0.09,Nar Gölü
1991,0.075,0.005,"Woodbridge, Jessie, Ph.D. thesis, University of Plymouth ‘Late Holocene lake diatom-inferred palaeoclimate from central Turkey'. 2009",34.456106,38.340367,0.08,Nar Gölü
1990,0.03,0.07,"Woodbridge, Jessie, Ph.D. thesis, University of Plymouth ‘Late Holocene lake diatom-inferred palaeoclimate from central Turkey'. 2009",34.456106,38.340367,0.1,Nar Gölü
1989,0.035,0.005,"Woodbridge, Jessie, Ph.D. thesis, University of Plymouth ‘Late Holocene lake diatom-inferred palaeoclimate from central Turkey'. 2009",34.456106,38.340367,0.04,Nar Gölü
1988,0.03,0.035,"Woodbridge, Jessie, Ph.D. thesis, University of Plymouth ‘Late Holocene lake diatom-inferred palaeoclimate from central Turkey'. 2009",34.456106,38.340367,0.065,Nar Gölü
1987,0.03,0.006,"Woodbridge, Jessie, Ph.D. thesis, University of Plymouth ‘Late Holocene lake diatom-inferred palaeoclimate from central Turkey'. 2009",34.456106,38.340367,0.036,Nar Gölü
1986,0.036,0.006,"Woodbridge, Jessie, Ph.D. thesis, University of Plymouth ‘Late Holocene lake diatom-inferred palaeoclimate from central Turkey'. 2009",34.456106,38.340367,0.041999999999999996,Nar Gölü
1985,0.028,0.045,"Woodbridge, Jessie, Ph.D. thesis, University of Plymouth ‘Late Holocene lake diatom-inferred palaeoclimate from central Turkey'. 2009",34.456106,38.340367,0.073,Nar Gölü
1984,0.07,0.011,"Woodbridge, Jessie, Ph.D. thesis, University of Plymouth ‘Late Holocene lake diatom-inferred palaeoclimate from central Turkey'. 2009",34.456106,38.340367,0.081,Nar Gölü
1983,0.04,0.032,"Woodbridge, Jessie, Ph.D. thesis, University of Plymouth ‘Late Holocene lake diatom-inferred palaeoclimate from central Turkey'. 2009",34.456106,38.340367,0.07200000000000001,Nar Gölü
1982,0.04,0.04,"Woodbridge, Jessie, Ph.D. thesis, University of Plymouth ‘Late Holocene lake diatom-inferred palaeoclimate from central Turkey'. 2009",34.456106,38.340367,0.08,Nar Gölü
1981,0.015,0.075,"Woodbridge, Jessie, Ph.D. thesis, University of Plymouth ‘Late Holocene lake diatom-inferred palaeoclimate from central Turkey'. 2009",34.456106,38.340367,0.09,Nar Gölü
1980,0.03,0,"Woodbridge, Jessie, Ph.D. thesis, University of Plymouth ‘Late Holocene lake diatom-inferred palaeoclimate from central Turkey'. 2009",34.456106,38.340367,0.03,Nar Gölü
1979,0.025,0,"Woodbridge, Jessie, Ph.D. thesis, University of Plymouth ‘Late Holocene lake diatom-inferred palaeoclimate from central Turkey'. 2009",34.456106,38.340367,0.025,Nar Gölü
1978,0.04,0.063,"Woodbridge, Jessie, Ph.D. thesis, University of Plymouth ‘Late Holocene lake diatom-inferred palaeoclimate from central Turkey'. 2009",34.456106,38.340367,0.10300000000000001,Nar Gölü
1977,0.075,0.03,"Woodbridge, Jessie, Ph.D. thesis, University of Plymouth ‘Late Holocene lake diatom-inferred palaeoclimate from central Turkey'. 2009",34.456106,38.340367,0.105,Nar Gölü
1976,0.03,0.025,"Woodbridge, Jessie, Ph.D. thesis, University of Plymouth ‘Late Holocene lake diatom-inferred palaeoclimate from central Turkey'. 2009",34.456106,38.340367,0.055,Nar Gölü
1975,0.045,0.01,"Woodbridge, Jessie, Ph.D. thesis, University of Plymouth ‘Late Holocene lake diatom-inferred palaeoclimate from central Turkey'. 2009",34.456106,38.340367,0.055,Nar Gölü
1974,0.025,0,"Woodbridge, Jessie, Ph.D. thesis, University of Plymouth ‘Late Holocene lake diatom-inferred palaeoclimate from central Turkey'. 2009",34.456106,38.340367,0.025,Nar Gölü
1973,0.03,0.028,"Woodbridge, Jessie, Ph.D. thesis, University of Plymouth ‘Late Holocene lake diatom-inferred palaeoclimate from central Turkey'. 2009",34.456106,38.340367,0.057999999999999996,Nar Gölü
1972,0.04,0.057,"Woodbridge, Jessie, Ph.D. thesis, University of Plymouth ‘Late Holocene lake diatom-inferred palaeoclimate from central Turkey'. 2009",34.456106,38.340367,0.097,Nar Gölü
1971,0.075,0.078,"Woodbridge, Jessie, Ph.D. thesis, University of Plymouth ‘Late Holocene lake diatom-inferred palaeoclimate from central Turkey'. 2009",34.456106,38.340367,0.153,Nar Gölü
1970,0.03,0.035,"Woodbridge, Jessie, Ph.D. thesis, University of Plymouth ‘Late Holocene lake diatom-inferred palaeoclimate from central Turkey'. 2009",34.456106,38.340367,0.065,Nar Gölü
1969,0.056,0.043,"Woodbridge, Jessie, Ph.D. thesis, University of Plymouth ‘Late Holocene lake diatom-inferred palaeoclimate from central Turkey'. 2009",34.456106,38.340367,0.099,Nar Gölü
1968,0.02,0,"Woodbridge, Jessie, Ph.D. thesis, University of Plymouth ‘Late Holocene lake diatom-inferred palaeoclimate from central Turkey'. 2009",34.456106,38.340367,0.02,Nar Gölü
1967,0.012,0.043,"Woodbridge, Jessie, Ph.D. thesis, University of Plymouth ‘Late Holocene lake diatom-inferred palaeoclimate from central Turkey'. 2009",34.456106,38.340367,0.05499999999999999,Nar Gölü
1966,0.038,0.048,"Woodbridge, Jessie, Ph.D. thesis, University of Plymouth ‘Late Holocene lake diatom-inferred palaeoclimate from central Turkey'. 2009",34.456106,38.340367,0.086,Nar Gölü
1965,0.08,0.018,"Woodbridge, Jessie, Ph.D. thesis, University of Plymouth ‘Late Holocene lake diatom-inferred palaeoclimate from central Turkey'. 2009",34.456106,38.340367,0.098,Nar Gölü
1964,0.03,0.06,"Woodbridge, Jessie, Ph.D. thesis, University of Plymouth ‘Late Holocene lake diatom-inferred palaeoclimate from central Turkey'. 2009",34.456106,38.340367,0.09,Nar Gölü
1963,0.025,0.025,"Woodbridge, Jessie, Ph.D. thesis, University of Plymouth ‘Late Holocene lake diatom-inferred palaeoclimate from central Turkey'. 2009",34.456106,38.340367,0.05,Nar Gölü
1962,0.02,0.035,"Woodbridge, Jessie, Ph.D. thesis, University of Plymouth ‘Late Holocene lake diatom-inferred palaeoclimate from central Turkey'. 2009",34.456106,38.340367,0.05500000000000001,Nar Gölü
1961,0.02,0.095,"Woodbridge, Jessie, Ph.D. thesis, University of Plymouth ‘Late Holocene lake diatom-inferred palaeoclimate from central Turkey'. 2009",34.456106,38.340367,0.115,Nar Gölü
1960,0.04,0.057,"Woodbridge, Jessie, Ph.D. thesis, University of Plymouth ‘Late Holocene lake diatom-inferred palaeoclimate from central Turkey'. 2009",34.456106,38.340367,0.097,Nar Gölü
1959,0.06,0.033,"Woodbridge, Jessie, Ph.D. thesis, University of Plymouth ‘Late Holocene lake diatom-inferred palaeoclimate from central Turkey'. 2009",34.456106,38.340367,0.093,Nar Gölü
1958,0.072,0.055,"Woodbridge, Jessie, Ph.D. thesis, University of Plymouth ‘Late Holocene lake diatom-inferred palaeoclimate from central Turkey'. 2009",34.456106,38.340367,0.127,Nar Gölü
1957,0.019,0,"Woodbridge, Jessie, Ph.D. thesis, University of Plymouth ‘Late Holocene lake diatom-inferred palaeoclimate from central Turkey'. 2009",34.456106,38.340367,0.019,Nar Gölü
1956,0.012,0.041,"Woodbridge, Jessie, Ph.D. thesis, University of Plymouth ‘Late Holocene lake diatom-inferred palaeoclimate from central Turkey'. 2009",34.456106,38.340367,0.053000000000000005,Nar Gölü
1955,0.029,0.076,"Woodbridge, Jessie, Ph.D. thesis, University of Plymouth ‘Late Holocene lake diatom-inferred palaeoclimate from central Turkey'. 2009",34.456106,38.340367,0.105,Nar Gölü
1954,0.073,0.038,"Woodbridge, Jessie, Ph.D. thesis, University of Plymouth ‘Late Holocene lake diatom-inferred palaeoclimate from central Turkey'. 2009",34.456106,38.340367,0.11099999999999999,Nar Gölü
1953,0.022,0.01,"Woodbridge, Jessie, Ph.D. thesis, University of Plymouth ‘Late Holocene lake diatom-inferred palaeoclimate from central Turkey'. 2009",34.456106,38.340367,0.032,Nar Gölü
1952,0.044,0.059,"Woodbridge, Jessie, Ph.D. thesis, University of Plymouth ‘Late Holocene lake diatom-inferred palaeoclimate from central Turkey'. 2009",34.456106,38.340367,0.103,Nar Gölü
1951,0.04,0.033,"Woodbridge, Jessie, Ph.D. thesis, University of Plymouth ‘Late Holocene lake diatom-inferred palaeoclimate from central Turkey'. 2009",34.456106,38.340367,0.07300000000000001,Nar Gölü
1950,0.04,0,"Woodbridge, Jessie, Ph.D. thesis, University of Plymouth ‘Late Holocene lake diatom-inferred palaeoclimate from central Turkey'. 2009",34.456106,38.340367,0.04,Nar Gölü
1949,0.01,0.03,"Woodbridge, Jessie, Ph.D. thesis, University of Plymouth ‘Late Holocene lake diatom-inferred palaeoclimate from central Turkey'. 2009",34.456106,38.340367,0.04,Nar Gölü
1948,0.006,0.133,"Woodbridge, Jessie, Ph.D. thesis, University of Plymouth ‘Late Holocene lake diatom-inferred palaeoclimate from central Turkey'. 2009",34.456106,38.340367,0.139,Nar Gölü
1947,0.05,0.02,"Woodbridge, Jessie, Ph.D. thesis, University of Plymouth ‘Late Holocene lake diatom-inferred palaeoclimate from central Turkey'. 2009",34.456106,38.340367,0.07,Nar Gölü
1946,0.1,0.2,"Woodbridge, Jessie, Ph.D. thesis, University of Plymouth ‘Late Holocene lake diatom-inferred palaeoclimate from central Turkey'. 2009",34.456106,38.340367,0.30000000000000004,Nar Gölü
1945,0.07,0.165,"Woodbridge, Jessie, Ph.D. thesis, University of Plymouth ‘Late Holocene lake diatom-inferred palaeoclimate from central Turkey'. 2009",34.456106,38.340367,0.23500000000000001,Nar Gölü
1944,0.065,0.055,"Woodbridge, Jessie, Ph.D. thesis, University of Plymouth ‘Late Holocene lake diatom-inferred palaeoclimate from central Turkey'. 2009",34.456106,38.340367,0.12,Nar Gölü
1943,0.007,0.031,"Woodbridge, Jessie, Ph.D. thesis, University of Plymouth ‘Late Holocene lake diatom-inferred palaeoclimate from central Turkey'. 2009",34.456106,38.340367,0.038,Nar Gölü
1942,0.055,0.06,"Woodbridge, Jessie, Ph.D. thesis, University of Plymouth ‘Late Holocene lake diatom-inferred palaeoclimate from central Turkey'. 2009",34.456106,38.340367,0.11499999999999999,Nar Gölü
1941,0.03,0.03,"Woodbridge, Jessie, Ph.D. thesis, University of Plymouth ‘Late Holocene lake diatom-inferred palaeoclimate from central Turkey'. 2009",34.456106,38.340367,0.06,Nar Gölü
1940,0.034,0.086,"Woodbridge, Jessie, Ph.D. thesis, University of Plymouth ‘Late Holocene lake diatom-inferred palaeoclimate from central Turkey'. 2009",34.456106,38.340367,0.12,Nar Gölü
1939,0.06,0.086,"Woodbridge, Jessie, Ph.D. thesis, University of Plymouth ‘Late Holocene lake diatom-inferred palaeoclimate from central Turkey'. 2009",34.456106,38.340367,0.146,Nar Gölü
1938,0.02,0.028,"Woodbridge, Jessie, Ph.D. thesis, University of Plymouth ‘Late Holocene lake diatom-inferred palaeoclimate from central Turkey'. 2009",34.456106,38.340367,0.048,Nar Gölü
1937,0.015,0.069,"Woodbridge, Jessie, Ph.D. thesis, University of Plymouth ‘Late Holocene lake diatom-inferred palaeoclimate from central Turkey'. 2009",34.456106,38.340367,0.084,Nar Gölü
1936,0.042,0.02,"Woodbridge, Jessie, Ph.D. thesis, University of Plymouth ‘Late Holocene lake diatom-inferred palaeoclimate from central Turkey'. 2009",34.456106,38.340367,0.062,Nar Gölü
1935,0.049,0.022,"Woodbridge, Jessie, Ph.D. thesis, University of Plymouth ‘Late Holocene lake diatom-inferred palaeoclimate from central Turkey'. 2009",34.456106,38.340367,0.07100000000000001,Nar Gölü
1934,0.044,0.036,"Woodbridge, Jessie, Ph.D. thesis, University of Plymouth ‘Late Holocene lake diatom-inferred palaeoclimate from central Turkey'. 2009",34.456106,38.340367,0.07999999999999999,Nar Gölü
1933,0.042,0.029,"Woodbridge, Jessie, Ph.D. thesis, University of Plymouth ‘Late Holocene lake diatom-inferred palaeoclimate from central Turkey'. 2009",34.456106,38.340367,0.07100000000000001,Nar Gölü
1932,0.031,0.034,"Woodbridge, Jessie, Ph.D. thesis, University of Plymouth ‘Late Holocene lake diatom-inferred palaeoclimate from central Turkey'. 2009",34.456106,38.340367,0.065,Nar Gölü
1931,0.046,0.066,"Woodbridge, Jessie, Ph.D. thesis, University of Plymouth ‘Late Holocene lake diatom-inferred palaeoclimate from central Turkey'. 2009",34.456106,38.340367,0.112,Nar Gölü
1930,0.055,0.051,"Woodbridge, Jessie, Ph.D. thesis, University of Plymouth ‘Late Holocene lake diatom-inferred palaeoclimate from central Turkey'. 2009",34.456106,38.340367,0.106,Nar Gölü
1929,0.085,0.024,"Woodbridge, Jessie, Ph.D. thesis, University of Plymouth ‘Late Holocene lake diatom-inferred palaeoclimate from central Turkey'. 2009",34.456106,38.340367,0.10900000000000001,Nar Gölü
1928,0.05,0.038,"Woodbridge, Jessie, Ph.D. thesis, University of Plymouth ‘Late Holocene lake diatom-inferred palaeoclimate from central Turkey'. 2009",34.456106,38.340367,0.088,Nar Gölü
1927,0.038,0.034,"Woodbridge, Jessie, Ph.D. thesis, University of Plymouth ‘Late Holocene lake diatom-inferred palaeoclimate from central Turkey'. 2009",34.456106,38.340367,0.07200000000000001,Nar Gölü
1926,0.046,0.117,"Woodbridge, Jessie, Ph.D. thesis, University of Plymouth ‘Late Holocene lake diatom-inferred palaeoclimate from central Turkey'. 2009",34.456106,38.340367,0.163,Nar Gölü
1925,0.048,0.062,"Woodbridge, Jessie, Ph.D. thesis, University of Plymouth ‘Late Holocene lake diatom-inferred palaeoclimate from central Turkey'. 2009",34.456106,38.340367,0.11,Nar Gölü
1924,0.053,0.07,"Woodbridge, Jessie, Ph.D. thesis, University of Plymouth ‘Late Holocene lake diatom-inferred palaeoclimate from central Turkey'. 2009",34.456106,38.340367,0.123,Nar Gölü
1923,0.027,0.028,"Woodbridge, Jessie, Ph.D. thesis, University of Plymouth ‘Late Holocene lake diatom-inferred palaeoclimate from central Turkey'. 2009",34.456106,38.340367,0.055,Nar Gölü
1922,0.06,0.042,"Woodbridge, Jessie, Ph.D. thesis, University of Plymouth ‘Late Holocene lake diatom-inferred palaeoclimate from central Turkey'. 2009",34.456106,38.340367,0.10200000000000001,Nar Gölü
1921,0.065,0.063,"Woodbridge, Jessie, Ph.D. thesis, University of Plymouth ‘Late Holocene lake diatom-inferred palaeoclimate from central Turkey'. 2009",34.456106,38.340367,0.128,Nar Gölü
1920,0.061,0.047,"Woodbridge, Jessie, Ph.D. thesis, University of Plymouth ‘Late Holocene lake diatom-inferred palaeoclimate from central Turkey'. 2009",34.456106,38.340367,0.108,Nar Gölü
1919,0.051,0.044,"Woodbridge, Jessie, Ph.D. thesis, University of Plymouth ‘Late Holocene lake diatom-inferred palaeoclimate from central Turkey'. 2009",34.456106,38.340367,0.095,Nar Gölü
1918,0.055,0.046,"Woodbridge, Jessie, Ph.D. thesis, University of Plymouth ‘Late Holocene lake diatom-inferred palaeoclimate from central Turkey'. 2009",34.456106,38.340367,0.101,Nar Gölü
1917,0.05,0.061,"Woodbridge, Jessie, Ph.D. thesis, University of Plymouth ‘Late Holocene lake diatom-inferred palaeoclimate from central Turkey'. 2009",34.456106,38.340367,0.111,Nar Gölü
1916,0.09,0.048,"Woodbridge, Jessie, Ph.D. thesis, University of Plymouth ‘Late Holocene lake diatom-inferred palaeoclimate from central Turkey'. 2009",34.456106,38.340367,0.138,Nar Gölü
1915,0.074,0.032,"Woodbridge, Jessie, Ph.D. thesis, University of Plymouth ‘Late Holocene lake diatom-inferred palaeoclimate from central Turkey'. 2009",34.456106,38.340367,0.106,Nar Gölü
1914,0.044,0.078,"Woodbridge, Jessie, Ph.D. thesis, University of Plymouth ‘Late Holocene lake diatom-inferred palaeoclimate from central Turkey'. 2009",34.456106,38.340367,0.122,Nar Gölü
1913,0.012,0.077,"Woodbridge, Jessie, Ph.D. thesis, University of Plymouth ‘Late Holocene lake diatom-inferred palaeoclimate from central Turkey'. 2009",34.456106,38.340367,0.089,Nar Gölü
1912,0.031,0.018,"Woodbridge, Jessie, Ph.D. thesis, University of Plymouth ‘Late Holocene lake diatom-inferred palaeoclimate from central Turkey'. 2009",34.456106,38.340367,0.049,Nar Gölü
1911,0.065,0.035,"Woodbridge, Jessie, Ph.D. thesis, University of Plymouth ‘Late Holocene lake diatom-inferred palaeoclimate from central Turkey'. 2009",34.456106,38.340367,0.1,Nar Gölü
1910,0.039,0.042,"Woodbridge, Jessie, Ph.D. thesis, University of Plymouth ‘Late Holocene lake diatom-inferred palaeoclimate from central Turkey'. 2009",34.456106,38.340367,0.081,Nar Gölü
1909,0.067,0.048,"Woodbridge, Jessie, Ph.D. thesis, University of Plymouth ‘Late Holocene lake diatom-inferred palaeoclimate from central Turkey'. 2009",34.456106,38.340367,0.115,Nar Gölü
1908,0.007,0,"Woodbridge, Jessie, Ph.D. thesis, University of Plymouth ‘Late Holocene lake diatom-inferred palaeoclimate from central Turkey'. 2009",34.456106,38.340367,0.007,Nar Gölü
1907,0.083,0.033,"Woodbridge, Jessie, Ph.D. thesis, University of Plymouth ‘Late Holocene lake diatom-inferred palaeoclimate from central Turkey'. 2009",34.456106,38.340367,0.116,Nar Gölü
1906,0.042,0.025,"Woodbridge, Jessie, Ph.D. thesis, University of Plymouth ‘Late Holocene lake diatom-inferred palaeoclimate from central Turkey'. 2009",34.456106,38.340367,0.067,Nar Gölü
1905,0.033,0.033,"Woodbridge, Jessie, Ph.D. thesis, University of Plymouth ‘Late Holocene lake diatom-inferred palaeoclimate from central Turkey'. 2009",34.456106,38.340367,0.066,Nar Gölü
1904,0.071,0.039,"Woodbridge, Jessie, Ph.D. thesis, University of Plymouth ‘Late Holocene lake diatom-inferred palaeoclimate from central Turkey'. 2009",34.456106,38.340367,0.10999999999999999,Nar Gölü
1903,0.063,0.032,"Woodbridge, Jessie, Ph.D. thesis, University of Plymouth ‘Late Holocene lake diatom-inferred palaeoclimate from central Turkey'. 2009",34.456106,38.340367,0.095,Nar Gölü
1902,0.055,0.047,"Woodbridge, Jessie, Ph.D. thesis, University of Plymouth ‘Late Holocene lake diatom-inferred palaeoclimate from central Turkey'. 2009",34.456106,38.340367,0.10200000000000001,Nar Gölü
1901,0.03,0.026,"Woodbridge, Jessie, Ph.D. thesis, University of Plymouth ‘Late Holocene lake diatom-inferred palaeoclimate from central Turkey'. 2009",34.456106,38.340367,0.055999999999999994,Nar Gölü
1900,0.035,0.021,"Woodbridge, Jessie, Ph.D. thesis, University of Plymouth ‘Late Holocene lake diatom-inferred palaeoclimate from central Turkey'. 2009",34.456106,38.340367,0.05600000000000001,Nar Gölü
1899,0.008,0.045,"Woodbridge, Jessie, Ph.D. thesis, University of Plymouth ‘Late Holocene lake diatom-inferred palaeoclimate from central Turkey'. 2009",34.456106,38.340367,0.053,Nar Gölü
1898,0.034,0.033,"Woodbridge, Jessie, Ph.D. thesis, University of Plymouth ‘Late Holocene lake diatom-inferred palaeoclimate from central Turkey'. 2009",34.456106,38.340367,0.067,Nar Gölü
1897,0.029,0,"Woodbridge, Jessie, Ph.D. thesis, University of Plymouth ‘Late Holocene lake diatom-inferred palaeoclimate from central Turkey'. 2009",34.456106,38.340367,0.029,Nar Gölü
1896,0.01,0.015,"Woodbridge, Jessie, Ph.D. thesis, University of Plymouth ‘Late Holocene lake diatom-inferred palaeoclimate from central Turkey'. 2009",34.456106,38.340367,0.025,Nar Gölü
1895,0.057,0.078,"Woodbridge, Jessie, Ph.D. thesis, University of Plymouth ‘Late Holocene lake diatom-inferred palaeoclimate from central Turkey'. 2009",34.456106,38.340367,0.135,Nar Gölü
1894,0.048,0.018,"Woodbridge, Jessie, Ph.D. thesis, University of Plymouth ‘Late Holocene lake diatom-inferred palaeoclimate from central Turkey'. 2009",34.456106,38.340367,0.066,Nar Gölü
1893,0.011,0.045,"Woodbridge, Jessie, Ph.D. thesis, University of Plymouth ‘Late Holocene lake diatom-inferred palaeoclimate from central Turkey'. 2009",34.456106,38.340367,0.055999999999999994,Nar Gölü
1892,0.016,0,"Woodbridge, Jessie, Ph.D. thesis, University of Plymouth ‘Late Holocene lake diatom-inferred palaeoclimate from central Turkey'. 2009",34.456106,38.340367,0.016,Nar Gölü
1891,0.015,0.043,"Woodbridge, Jessie, Ph.D. thesis, University of Plymouth ‘Late Holocene lake diatom-inferred palaeoclimate from central Turkey'. 2009",34.456106,38.340367,0.057999999999999996,Nar Gölü
1890,0.056,0.044,"Woodbridge, Jessie, Ph.D. thesis, University of Plymouth ‘Late Holocene lake diatom-inferred palaeoclimate from central Turkey'. 2009",34.456106,38.340367,0.1,Nar Gölü
1889,0.037,0.036,"Woodbridge, Jessie, Ph.D. thesis, University of Plymouth ‘Late Holocene lake diatom-inferred palaeoclimate from central Turkey'. 2009",34.456106,38.340367,0.073,Nar Gölü
1888,0.03,0.066,"Woodbridge, Jessie, Ph.D. thesis, University of Plymouth ‘Late Holocene lake diatom-inferred palaeoclimate from central Turkey'. 2009",34.456106,38.340367,0.096,Nar Gölü
1887,0.04,0.023,"Woodbridge, Jessie, Ph.D. thesis, University of Plymouth ‘Late Holocene lake diatom-inferred palaeoclimate from central Turkey'. 2009",34.456106,38.340367,0.063,Nar Gölü
1886,0.05,0.043,"Woodbridge, Jessie, Ph.D. thesis, University of Plymouth ‘Late Holocene lake diatom-inferred palaeoclimate from central Turkey'. 2009",34.456106,38.340367,0.093,Nar Gölü
1885,0.048,0.029,"Woodbridge, Jessie, Ph.D. thesis, University of Plymouth ‘Late Holocene lake diatom-inferred palaeoclimate from central Turkey'. 2009",34.456106,38.340367,0.077,Nar Gölü
1884,0.047,0.058,"Woodbridge, Jessie, Ph.D. thesis, University of Plymouth ‘Late Holocene lake diatom-inferred palaeoclimate from central Turkey'. 2009",34.456106,38.340367,0.10500000000000001,Nar Gölü
1883,0.026,0.03,"Woodbridge, Jessie, Ph.D. thesis, University of Plymouth ‘Late Holocene lake diatom-inferred palaeoclimate from central Turkey'. 2009",34.456106,38.340367,0.055999999999999994,Nar Gölü
1882,0.013,0.039,"Woodbridge, Jessie, Ph.D. thesis, University of Plymouth ‘Late Holocene lake diatom-inferred palaeoclimate from central Turkey'. 2009",34.456106,38.340367,0.052,Nar Gölü
1881,0.029,0.006,"Woodbridge, Jessie, Ph.D. thesis, University of Plymouth ‘Late Holocene lake diatom-inferred palaeoclimate from central Turkey'. 2009",34.456106,38.340367,0.035,Nar Gölü
1880,0.008,0,"Woodbridge, Jessie, Ph.D. thesis, University of Plymouth ‘Late Holocene lake diatom-inferred palaeoclimate from central Turkey'. 2009",34.456106,38.340367,0.008,Nar Gölü
1879,0.094,0.08,"Woodbridge, Jessie, Ph.D. thesis, University of Plymouth ‘Late Holocene lake diatom-inferred palaeoclimate from central Turkey'. 2009",34.456106,38.340367,0.174,Nar Gölü
1878,0.042,0.036,"Woodbridge, Jessie, Ph.D. thesis, University of Plymouth ‘Late Holocene lake diatom-inferred palaeoclimate from central Turkey'. 2009",34.456106,38.340367,0.078,Nar Gölü
1877,0.022,0.026,"Woodbridge, Jessie, Ph.D. thesis, University of Plymouth ‘Late Holocene lake diatom-inferred palaeoclimate from central Turkey'. 2009",34.456106,38.340367,0.048,Nar Gölü
1876,0.052,0.042,"Woodbridge, Jessie, Ph.D. thesis, University of Plymouth ‘Late Holocene lake diatom-inferred palaeoclimate from central Turkey'. 2009",34.456106,38.340367,0.094,Nar Gölü
1875,0.036,0.058,"Woodbridge, Jessie, Ph.D. thesis, University of Plymouth ‘Late Holocene lake diatom-inferred palaeoclimate from central Turkey'. 2009",34.456106,38.340367,0.094,Nar Gölü
1874,0.027,0.014,"Woodbridge, Jessie, Ph.D. thesis, University of Plymouth ‘Late Holocene lake diatom-inferred palaeoclimate from central Turkey'. 2009",34.456106,38.340367,0.041,Nar Gölü
1873,0.036,0.04,"Woodbridge, Jessie, Ph.D. thesis, University of Plymouth ‘Late Holocene lake diatom-inferred palaeoclimate from central Turkey'. 2009",34.456106,38.340367,0.076,Nar Gölü
1872,0.07,0.047,"Woodbridge, Jessie, Ph.D. thesis, University of Plymouth ‘Late Holocene lake diatom-inferred palaeoclimate from central Turkey'. 2009",34.456106,38.340367,0.117,Nar Gölü
1871,0.071,0.03,"Woodbridge, Jessie, Ph.D. thesis, University of Plymouth ‘Late Holocene lake diatom-inferred palaeoclimate from central Turkey'. 2009",34.456106,38.340367,0.10099999999999999,Nar Gölü
1870,0.043,0.056,"Woodbridge, Jessie, Ph.D. thesis, University of Plymouth ‘Late Holocene lake diatom-inferred palaeoclimate from central Turkey'. 2009",34.456106,38.340367,0.099,Nar Gölü
1869,0.075,0.039,"Woodbridge, Jessie, Ph.D. thesis, University of Plymouth ‘Late Holocene lake diatom-inferred palaeoclimate from central Turkey'. 2009",34.456106,38.340367,0.11399999999999999,Nar Gölü
1868,0.056,0.05,"Woodbridge, Jessie, Ph.D. thesis, University of Plymouth ‘Late Holocene lake diatom-inferred palaeoclimate from central Turkey'. 2009",34.456106,38.340367,0.10600000000000001,Nar Gölü
1867,0.025,0.007,"Woodbridge, Jessie, Ph.D. thesis, University of Plymouth ‘Late Holocene lake diatom-inferred palaeoclimate from central Turkey'. 2009",34.456106,38.340367,0.032,Nar Gölü
1866,0.021,0.034,"Woodbridge, Jessie, Ph.D. thesis, University of Plymouth ‘Late Holocene lake diatom-inferred palaeoclimate from central Turkey'. 2009",34.456106,38.340367,0.05500000000000001,Nar Gölü
1865,0.044,0.08,"Woodbridge, Jessie, Ph.D. thesis, University of Plymouth ‘Late Holocene lake diatom-inferred palaeoclimate from central Turkey'. 2009",34.456106,38.340367,0.124,Nar Gölü
1864,0.044,0.034,"Woodbridge, Jessie, Ph.D. thesis, University of Plymouth ‘Late Holocene lake diatom-inferred palaeoclimate from central Turkey'. 2009",34.456106,38.340367,0.078,Nar Gölü
1863,0.019,0.018,"Woodbridge, Jessie, Ph.D. thesis, University of Plymouth ‘Late Holocene lake diatom-inferred palaeoclimate from central Turkey'. 2009",34.456106,38.340367,0.037,Nar Gölü
1862,0.025,0.021,"Woodbridge, Jessie, Ph.D. thesis, University of Plymouth ‘Late Holocene lake diatom-inferred palaeoclimate from central Turkey'. 2009",34.456106,38.340367,0.046,Nar Gölü
1861,0.05,0.042,"Woodbridge, Jessie, Ph.D. thesis, University of Plymouth ‘Late Holocene lake diatom-inferred palaeoclimate from central Turkey'. 2009",34.456106,38.340367,0.092,Nar Gölü
1860,0.052,0.055,"Woodbridge, Jessie, Ph.D. thesis, University of Plymouth ‘Late Holocene lake diatom-inferred palaeoclimate from central Turkey'. 2009",34.456106,38.340367,0.107,Nar Gölü
1859,0.04,0.088,"Woodbridge, Jessie, Ph.D. thesis, University of Plymouth ‘Late Holocene lake diatom-inferred palaeoclimate from central Turkey'. 2009",34.456106,38.340367,0.128,Nar Gölü
1858,0.046,0.031,"Woodbridge, Jessie, Ph.D. thesis, University of Plymouth ‘Late Holocene lake diatom-inferred palaeoclimate from central Turkey'. 2009",34.456106,38.340367,0.077,Nar Gölü
1857,0.073,0.04,"Woodbridge, Jessie, Ph.D. thesis, University of Plymouth ‘Late Holocene lake diatom-inferred palaeoclimate from central Turkey'. 2009",34.456106,38.340367,0.11299999999999999,Nar Gölü
1856,0.055,0.066,"Woodbridge, Jessie, Ph.D. thesis, University of Plymouth ‘Late Holocene lake diatom-inferred palaeoclimate from central Turkey'. 2009",34.456106,38.340367,0.121,Nar Gölü
1855,0.052,0.069,"Woodbridge, Jessie, Ph.D. thesis, University of Plymouth ‘Late Holocene lake diatom-inferred palaeoclimate from central Turkey'. 2009",34.456106,38.340367,0.121,Nar Gölü
1854,0.074,0.051,"Woodbridge, Jessie, Ph.D. thesis, University of Plymouth ‘Late Holocene lake diatom-inferred palaeoclimate from central Turkey'. 2009",34.456106,38.340367,0.125,Nar Gölü
1853,0.05,0.091,"Woodbridge, Jessie, Ph.D. thesis, University of Plymouth ‘Late Holocene lake diatom-inferred palaeoclimate from central Turkey'. 2009",34.456106,38.340367,0.14100000000000001,Nar Gölü
1852,0.012,0.012,"Woodbridge, Jessie, Ph.D. thesis, University of Plymouth ‘Late Holocene lake diatom-inferred palaeoclimate from central Turkey'. 2009",34.456106,38.340367,0.024,Nar Gölü
1851,0.047,0.075,"Woodbridge, Jessie, Ph.D. thesis, University of Plymouth ‘Late Holocene lake diatom-inferred palaeoclimate from central Turkey'. 2009",34.456106,38.340367,0.122,Nar Gölü
1850,0.05,0.015,"Woodbridge, Jessie, Ph.D. thesis, University of Plymouth ‘Late Holocene lake diatom-inferred palaeoclimate from central Turkey'. 2009",34.456106,38.340367,0.065,Nar Gölü
1849,0.023,0.012,"Woodbridge, Jessie, Ph.D. thesis, University of Plymouth ‘Late Holocene lake diatom-inferred palaeoclimate from central Turkey'. 2009",34.456106,38.340367,0.035,Nar Gölü
1848,0.003,0.087,"Woodbridge, Jessie, Ph.D. thesis, University of Plymouth ‘Late Holocene lake diatom-inferred palaeoclimate from central Turkey'. 2009",34.456106,38.340367,0.09,Nar Gölü
1847,0.072,0.077,"Woodbridge, Jessie, Ph.D. thesis, University of Plymouth ‘Late Holocene lake diatom-inferred palaeoclimate from central Turkey'. 2009",34.456106,38.340367,0.149,Nar Gölü
1846,0.048,0.042,"Woodbridge, Jessie, Ph.D. thesis, University of Plymouth ‘Late Holocene lake diatom-inferred palaeoclimate from central Turkey'. 2009",34.456106,38.340367,0.09,Nar Gölü
1845,0.07,0.038,"Woodbridge, Jessie, Ph.D. thesis, University of Plymouth ‘Late Holocene lake diatom-inferred palaeoclimate from central Turkey'. 2009",34.456106,38.340367,0.10800000000000001,Nar Gölü
1844,0.052,0.039,"Woodbridge, Jessie, Ph.D. thesis, University of Plymouth ‘Late Holocene lake diatom-inferred palaeoclimate from central Turkey'. 2009",34.456106,38.340367,0.091,Nar Gölü
1843,0.071,0.036,"Woodbridge, Jessie, Ph.D. thesis, University of Plymouth ‘Late Holocene lake diatom-inferred palaeoclimate from central Turkey'. 2009",34.456106,38.340367,0.10699999999999998,Nar Gölü
1842,0.05,0.05,"Woodbridge, Jessie, Ph.D. thesis, University of Plymouth ‘Late Holocene lake diatom-inferred palaeoclimate from central Turkey'. 2009",34.456106,38.340367,0.1,Nar Gölü
1841,0.044,0.039,"Woodbridge, Jessie, Ph.D. thesis, University of Plymouth ‘Late Holocene lake diatom-inferred palaeoclimate from central Turkey'. 2009",34.456106,38.340367,0.08299999999999999,Nar Gölü
1840,0.055,0.063,"Woodbridge, Jessie, Ph.D. thesis, University of Plymouth ‘Late Holocene lake diatom-inferred palaeoclimate from central Turkey'. 2009",34.456106,38.340367,0.118,Nar Gölü
1839,0.041,0.045,"Woodbridge, Jessie, Ph.D. thesis, University of Plymouth ‘Late Holocene lake diatom-inferred palaeoclimate from central Turkey'. 2009",34.456106,38.340367,0.086,Nar Gölü
1838,0.06,0.055,"Woodbridge, Jessie, Ph.D. thesis, University of Plymouth ‘Late Holocene lake diatom-inferred palaeoclimate from central Turkey'. 2009",34.456106,38.340367,0.11499999999999999,Nar Gölü
1837,0.047,0.055,"Woodbridge, Jessie, Ph.D. thesis, University of Plymouth ‘Late Holocene lake diatom-inferred palaeoclimate from central Turkey'. 2009",34.456106,38.340367,0.10200000000000001,Nar Gölü
1836,0.045,0.03,"Woodbridge, Jessie, Ph.D. thesis, University of Plymouth ‘Late Holocene lake diatom-inferred palaeoclimate from central Turkey'. 2009",34.456106,38.340367,0.075,Nar Gölü
1835,0.041,0.064,"Woodbridge, Jessie, Ph.D. thesis, University of Plymouth ‘Late Holocene lake diatom-inferred palaeoclimate from central Turkey'. 2009",34.456106,38.340367,0.10500000000000001,Nar Gölü
1834,0.033,0.052,"Woodbridge, Jessie, Ph.D. thesis, University of Plymouth ‘Late Holocene lake diatom-inferred palaeoclimate from central Turkey'. 2009",34.456106,38.340367,0.08499999999999999,Nar Gölü
1833,0.079,0.019,"Woodbridge, Jessie, Ph.D. thesis, University of Plymouth ‘Late Holocene lake diatom-inferred palaeoclimate from central Turkey'. 2009",34.456106,38.340367,0.098,Nar Gölü
1832,0.057,0.04,"Woodbridge, Jessie, Ph.D. thesis, University of Plymouth ‘Late Holocene lake diatom-inferred palaeoclimate from central Turkey'. 2009",34.456106,38.340367,0.097,Nar Gölü
1831,0.069,0.011,"Woodbridge, Jessie, Ph.D. thesis, University of Plymouth ‘Late Holocene lake diatom-inferred palaeoclimate from central Turkey'. 2009",34.456106,38.340367,0.08,Nar Gölü
1830,0.021,0.024,"Woodbridge, Jessie, Ph.D. thesis, University of Plymouth ‘Late Holocene lake diatom-inferred palaeoclimate from central Turkey'. 2009",34.456106,38.340367,0.045,Nar Gölü
1829,0.04,0.045,"Woodbridge, Jessie, Ph.D. thesis, University of Plymouth ‘Late Holocene lake diatom-inferred palaeoclimate from central Turkey'. 2009",34.456106,38.340367,0.08499999999999999,Nar Gölü
1828,0.02,0.015,"Woodbridge, Jessie, Ph.D. thesis, University of Plymouth ‘Late Holocene lake diatom-inferred palaeoclimate from central Turkey'. 2009",34.456106,38.340367,0.035,Nar Gölü
1827,0.037,0.047,"Woodbridge, Jessie, Ph.D. thesis, University of Plymouth ‘Late Holocene lake diatom-inferred palaeoclimate from central Turkey'. 2009",34.456106,38.340367,0.08399999999999999,Nar Gölü
1826,0.042,0.025,"Woodbridge, Jessie, Ph.D. thesis, University of Plymouth ‘Late Holocene lake diatom-inferred palaeoclimate from central Turkey'. 2009",34.456106,38.340367,0.067,Nar Gölü
1825,0.075,0.035,"Woodbridge, Jessie, Ph.D. thesis, University of Plymouth ‘Late Holocene lake diatom-inferred palaeoclimate from central Turkey'. 2009",34.456106,38.340367,0.11,Nar Gölü
1824,0.038,0.016,"Woodbridge, Jessie, Ph.D. thesis, University of Plymouth ‘Late Holocene lake diatom-inferred palaeoclimate from central Turkey'. 2009",34.456106,38.340367,0.054,Nar Gölü
1823,0.037,0.08,"Woodbridge, Jessie, Ph.D. thesis, University of Plymouth ‘Late Holocene lake diatom-inferred palaeoclimate from central Turkey'. 2009",34.456106,38.340367,0.11699999999999999,Nar Gölü
1822,0.042,0.07,"Woodbridge, Jessie, Ph.D. thesis, University of Plymouth ‘Late Holocene lake diatom-inferred palaeoclimate from central Turkey'. 2009",34.456106,38.340367,0.11200000000000002,Nar Gölü
1821,0.05,0.03,"Woodbridge, Jessie, Ph.D. thesis, University of Plymouth ‘Late Holocene lake diatom-inferred palaeoclimate from central Turkey'. 2009",34.456106,38.340367,0.08,Nar Gölü
1820,0.068,0.054,"Woodbridge, Jessie, Ph.D. thesis, University of Plymouth ‘Late Holocene lake diatom-inferred palaeoclimate from central Turkey'. 2009",34.456106,38.340367,0.122,Nar Gölü
1819,0.033,0.007,"Woodbridge, Jessie, Ph.D. thesis, University of Plymouth ‘Late Holocene lake diatom-inferred palaeoclimate from central Turkey'. 2009",34.456106,38.340367,0.04,Nar Gölü
1818,0.012,0.039,"Woodbridge, Jessie, Ph.D. thesis, University of Plymouth ‘Late Holocene lake diatom-inferred palaeoclimate from central Turkey'. 2009",34.456106,38.340367,0.051000000000000004,Nar Gölü
1817,0.084,0.031,"Woodbridge, Jessie, Ph.D. thesis, University of Plymouth ‘Late Holocene lake diatom-inferred palaeoclimate from central Turkey'. 2009",34.456106,38.340367,0.115,Nar Gölü
1816,0.019,0.004,"Woodbridge, Jessie, Ph.D. thesis, University of Plymouth ‘Late Holocene lake diatom-inferred palaeoclimate from central Turkey'. 2009",34.456106,38.340367,0.023,Nar Gölü
1815,0.034,0.059,"Woodbridge, Jessie, Ph.D. thesis, University of Plymouth ‘Late Holocene lake diatom-inferred palaeoclimate from central Turkey'. 2009",34.456106,38.340367,0.093,Nar Gölü
1814,0.051,0.06,"Woodbridge, Jessie, Ph.D. thesis, University of Plymouth ‘Late Holocene lake diatom-inferred palaeoclimate from central Turkey'. 2009",34.456106,38.340367,0.11099999999999999,Nar Gölü
1813,0.027,0.012,"Woodbridge, Jessie, Ph.D. thesis, University of Plymouth ‘Late Holocene lake diatom-inferred palaeoclimate from central Turkey'. 2009",34.456106,38.340367,0.039,Nar Gölü
1812,0.053,0.02,"Woodbridge, Jessie, Ph.D. thesis, University of Plymouth ‘Late Holocene lake diatom-inferred palaeoclimate from central Turkey'. 2009",34.456106,38.340367,0.073,Nar Gölü
1811,0.041,0.06,"Woodbridge, Jessie, Ph.D. thesis, University of Plymouth ‘Late Holocene lake diatom-inferred palaeoclimate from central Turkey'. 2009",34.456106,38.340367,0.101,Nar Gölü
1810,0.188,0.011,"Woodbridge, Jessie, Ph.D. thesis, University of Plymouth ‘Late Holocene lake diatom-inferred palaeoclimate from central Turkey'. 2009",34.456106,38.340367,0.199,Nar Gölü
1809,0.047,0.035,"Woodbridge, Jessie, Ph.D. thesis, University of Plymouth ‘Late Holocene lake diatom-inferred palaeoclimate from central Turkey'. 2009",34.456106,38.340367,0.082,Nar Gölü
1808,0.03,0.021,"Woodbridge, Jessie, Ph.D. thesis, University of Plymouth ‘Late Holocene lake diatom-inferred palaeoclimate from central Turkey'. 2009",34.456106,38.340367,0.051000000000000004,Nar Gölü
1807,0.043,0.04,"Woodbridge, Jessie, Ph.D. thesis, University of Plymouth ‘Late Holocene lake diatom-inferred palaeoclimate from central Turkey'. 2009",34.456106,38.340367,0.08299999999999999,Nar Gölü
1806,0.04,0.029,"Woodbridge, Jessie, Ph.D. thesis, University of Plymouth ‘Late Holocene lake diatom-inferred palaeoclimate from central Turkey'. 2009",34.456106,38.340367,0.069,Nar Gölü
1805,0.034,0.031,"Woodbridge, Jessie, Ph.D. thesis, University of Plymouth ‘Late Holocene lake diatom-inferred palaeoclimate from central Turkey'. 2009",34.456106,38.340367,0.065,Nar Gölü
1804,0.02,0.039,"Woodbridge, Jessie, Ph.D. thesis, University of Plymouth ‘Late Holocene lake diatom-inferred palaeoclimate from central Turkey'. 2009",34.456106,38.340367,0.059,Nar Gölü
1803,0.035,0.022,"Woodbridge, Jessie, Ph.D. thesis, University of Plymouth ‘Late Holocene lake diatom-inferred palaeoclimate from central Turkey'. 2009",34.456106,38.340367,0.057,Nar Gölü
1802,0.042,0.026,"Woodbridge, Jessie, Ph.D. thesis, University of Plymouth ‘Late Holocene lake diatom-inferred palaeoclimate from central Turkey'. 2009",34.456106,38.340367,0.068,Nar Gölü
1801,0.028,0.039,"Woodbridge, Jessie, Ph.D. thesis, University of Plymouth ‘Late Holocene lake diatom-inferred palaeoclimate from central Turkey'. 2009",34.456106,38.340367,0.067,Nar Gölü
1800,0.035,0.023,"Woodbridge, Jessie, Ph.D. thesis, University of Plymouth ‘Late Holocene lake diatom-inferred palaeoclimate from central Turkey'. 2009",34.456106,38.340367,0.058,Nar Gölü
1799,0.043,0,"Woodbridge, Jessie, Ph.D. thesis, University of Plymouth ‘Late Holocene lake diatom-inferred palaeoclimate from central Turkey'. 2009",34.456106,38.340367,0.043,Nar Gölü
1798,0.034,0.019,"Woodbridge, Jessie, Ph.D. thesis, University of Plymouth ‘Late Holocene lake diatom-inferred palaeoclimate from central Turkey'. 2009",34.456106,38.340367,0.053000000000000005,Nar Gölü
1797,0.035,0.035,"Woodbridge, Jessie, Ph.D. thesis, University of Plymouth ‘Late Holocene lake diatom-inferred palaeoclimate from central Turkey'. 2009",34.456106,38.340367,0.07,Nar Gölü
1796,0.051,0.024,"Woodbridge, Jessie, Ph.D. thesis, University of Plymouth ‘Late Holocene lake diatom-inferred palaeoclimate from central Turkey'. 2009",34.456106,38.340367,0.075,Nar Gölü
1795,0.044,0.02,"Woodbridge, Jessie, Ph.D. thesis, University of Plymouth ‘Late Holocene lake diatom-inferred palaeoclimate from central Turkey'. 2009",34.456106,38.340367,0.064,Nar Gölü
1794,0.04,0.016,"Woodbridge, Jessie, Ph.D. thesis, University of Plymouth ‘Late Holocene lake diatom-inferred palaeoclimate from central Turkey'. 2009",34.456106,38.340367,0.056,Nar Gölü
1793,0.027,0.022,"Woodbridge, Jessie, Ph.D. thesis, University of Plymouth ‘Late Holocene lake diatom-inferred palaeoclimate from central Turkey'. 2009",34.456106,38.340367,0.049,Nar Gölü
1792,0.021,0.011,"Woodbridge, Jessie, Ph.D. thesis, University of Plymouth ‘Late Holocene lake diatom-inferred palaeoclimate from central Turkey'. 2009",34.456106,38.340367,0.032,Nar Gölü
1791,0.024,0.061,"Woodbridge, Jessie, Ph.D. thesis, University of Plymouth ‘Late Holocene lake diatom-inferred palaeoclimate from central Turkey'. 2009",34.456106,38.340367,0.08499999999999999,Nar Gölü
1790,0.071,0.039,"Woodbridge, Jessie, Ph.D. thesis, University of Plymouth ‘Late Holocene lake diatom-inferred palaeoclimate from central Turkey'. 2009",34.456106,38.340367,0.10999999999999999,Nar Gölü
1789,0.029,0.022,"Woodbridge, Jessie, Ph.D. thesis, University of Plymouth ‘Late Holocene lake diatom-inferred palaeoclimate from central Turkey'. 2009",34.456106,38.340367,0.051000000000000004,Nar Gölü
1788,0.045,0.025,"Woodbridge, Jessie, Ph.D. thesis, University of Plymouth ‘Late Holocene lake diatom-inferred palaeoclimate from central Turkey'. 2009",34.456106,38.340367,0.07,Nar Gölü
1787,0.024,0.027,"Woodbridge, Jessie, Ph.D. thesis, University of Plymouth ‘Late Holocene lake diatom-inferred palaeoclimate from central Turkey'. 2009",34.456106,38.340367,0.051000000000000004,Nar Gölü
1786,0.027,0.023,"Woodbridge, Jessie, Ph.D. thesis, University of Plymouth ‘Late Holocene lake diatom-inferred palaeoclimate from central Turkey'. 2009",34.456106,38.340367,0.05,Nar Gölü
1785,0.025,0.005,"Woodbridge, Jessie, Ph.D. thesis, University of Plymouth ‘Late Holocene lake diatom-inferred palaeoclimate from central Turkey'. 2009",34.456106,38.340367,0.030000000000000002,Nar Gölü
1784,0.024,0.01,"Woodbridge, Jessie, Ph.D. thesis, University of Plymouth ‘Late Holocene lake diatom-inferred palaeoclimate from central Turkey'. 2009",34.456106,38.340367,0.034,Nar Gölü
1783,0.035,0.029,"Woodbridge, Jessie, Ph.D. thesis, University of Plymouth ‘Late Holocene lake diatom-inferred palaeoclimate from central Turkey'. 2009",34.456106,38.340367,0.064,Nar Gölü
1782,0.032,0.022,"Woodbridge, Jessie, Ph.D. thesis, University of Plymouth ‘Late Holocene lake diatom-inferred palaeoclimate from central Turkey'. 2009",34.456106,38.340367,0.054,Nar Gölü
1781,0.027,0.018,"Woodbridge, Jessie, Ph.D. thesis, University of Plymouth ‘Late Holocene lake diatom-inferred palaeoclimate from central Turkey'. 2009",34.456106,38.340367,0.045,Nar Gölü
1780,0.044,0.02,"Woodbridge, Jessie, Ph.D. thesis, University of Plymouth ‘Late Holocene lake diatom-inferred palaeoclimate from central Turkey'. 2009",34.456106,38.340367,0.064,Nar Gölü
1779,0.01,0.003,"Woodbridge, Jessie, Ph.D. thesis, University of Plymouth ‘Late Holocene lake diatom-inferred palaeoclimate from central Turkey'. 2009",34.456106,38.340367,0.013000000000000001,Nar Gölü
1778,0.03,0.024,"Woodbridge, Jessie, Ph.D. thesis, University of Plymouth ‘Late Holocene lake diatom-inferred palaeoclimate from central Turkey'. 2009",34.456106,38.340367,0.054,Nar Gölü
1777,0.038,0.025,"Woodbridge, Jessie, Ph.D. thesis, University of Plymouth ‘Late Holocene lake diatom-inferred palaeoclimate from central Turkey'. 2009",34.456106,38.340367,0.063,Nar Gölü
1776,0.038,0.02,"Woodbridge, Jessie, Ph.D. thesis, University of Plymouth ‘Late Holocene lake diatom-inferred palaeoclimate from central Turkey'. 2009",34.456106,38.340367,0.057999999999999996,Nar Gölü
1775,0.034,0.045,"Woodbridge, Jessie, Ph.D. thesis, University of Plymouth ‘Late Holocene lake diatom-inferred palaeoclimate from central Turkey'. 2009",34.456106,38.340367,0.079,Nar Gölü
1774,0.042,0.002,"Woodbridge, Jessie, Ph.D. thesis, University of Plymouth ‘Late Holocene lake diatom-inferred palaeoclimate from central Turkey'. 2009",34.456106,38.340367,0.044000000000000004,Nar Gölü
1773,0.041,0.03,"Woodbridge, Jessie, Ph.D. thesis, University of Plymouth ‘Late Holocene lake diatom-inferred palaeoclimate from central Turkey'. 2009",34.456106,38.340367,0.07100000000000001,Nar Gölü
1772,0.018,0.04,"Woodbridge, Jessie, Ph.D. thesis, University of Plymouth ‘Late Holocene lake diatom-inferred palaeoclimate from central Turkey'. 2009",34.456106,38.340367,0.057999999999999996,Nar Gölü
1771,0.015,0.023,"Woodbridge, Jessie, Ph.D. thesis, University of Plymouth ‘Late Holocene lake diatom-inferred palaeoclimate from central Turkey'. 2009",34.456106,38.340367,0.038,Nar Gölü
1770,0.04,0.015,"Woodbridge, Jessie, Ph.D. thesis, University of Plymouth ‘Late Holocene lake diatom-inferred palaeoclimate from central Turkey'. 2009",34.456106,38.340367,0.055,Nar Gölü
1769,0.043,0.017,"Woodbridge, Jessie, Ph.D. thesis, University of Plymouth ‘Late Holocene lake diatom-inferred palaeoclimate from central Turkey'. 2009",34.456106,38.340367,0.06,Nar Gölü
1768,0.037,0.052,"Woodbridge, Jessie, Ph.D. thesis, University of Plymouth ‘Late Holocene lake diatom-inferred palaeoclimate from central Turkey'. 2009",34.456106,38.340367,0.089,Nar Gölü
1767,0.041,0.001,"Woodbridge, Jessie, Ph.D. thesis, University of Plymouth ‘Late Holocene lake diatom-inferred palaeoclimate from central Turkey'. 2009",34.456106,38.340367,0.042,Nar Gölü
1766,0.056,0.046,"Woodbridge, Jessie, Ph.D. thesis, University of Plymouth ‘Late Holocene lake diatom-inferred palaeoclimate from central Turkey'. 2009",34.456106,38.340367,0.10200000000000001,Nar Gölü
1765,0.039,0.006,"Woodbridge, Jessie, Ph.D. thesis, University of Plymouth ‘Late Holocene lake diatom-inferred palaeoclimate from central Turkey'. 2009",34.456106,38.340367,0.045,Nar Gölü
1764,0.012,0.023,"Woodbridge, Jessie, Ph.D. thesis, University of Plymouth ‘Late Holocene lake diatom-inferred palaeoclimate from central Turkey'. 2009",34.456106,38.340367,0.035,Nar Gölü
1763,0.03,0.063,"Woodbridge, Jessie, Ph.D. thesis, University of Plymouth ‘Late Holocene lake diatom-inferred palaeoclimate from central Turkey'. 2009",34.456106,38.340367,0.093,Nar Gölü
1762,0.032,0.023,"Woodbridge, Jessie, Ph.D. thesis, University of Plymouth ‘Late Holocene lake diatom-inferred palaeoclimate from central Turkey'. 2009",34.456106,38.340367,0.055,Nar Gölü
1761,0.012,0.005,"Woodbridge, Jessie, Ph.D. thesis, University of Plymouth ‘Late Holocene lake diatom-inferred palaeoclimate from central Turkey'. 2009",34.456106,38.340367,0.017,Nar Gölü
1760,0.026,0.037,"Woodbridge, Jessie, Ph.D. thesis, University of Plymouth ‘Late Holocene lake diatom-inferred palaeoclimate from central Turkey'. 2009",34.456106,38.340367,0.063,Nar Gölü
1759,0.02,0.039,"Woodbridge, Jessie, Ph.D. thesis, University of Plymouth ‘Late Holocene lake diatom-inferred palaeoclimate from central Turkey'. 2009",34.456106,38.340367,0.059,Nar Gölü
1758,0.036,0.03,"Woodbridge, Jessie, Ph.D. thesis, University of Plymouth ‘Late Holocene lake diatom-inferred palaeoclimate from central Turkey'. 2009",34.456106,38.340367,0.066,Nar Gölü
1757,0.049,0,"Woodbridge, Jessie, Ph.D. thesis, University of Plymouth ‘Late Holocene lake diatom-inferred palaeoclimate from central Turkey'. 2009",34.456106,38.340367,0.049,Nar Gölü
1756,0.039,0.063,"Woodbridge, Jessie, Ph.D. thesis, University of Plymouth ‘Late Holocene lake diatom-inferred palaeoclimate from central Turkey'. 2009",34.456106,38.340367,0.10200000000000001,Nar Gölü
1755,0.037,0.036,"Woodbridge, Jessie, Ph.D. thesis, University of Plymouth ‘Late Holocene lake diatom-inferred palaeoclimate from central Turkey'. 2009",34.456106,38.340367,0.073,Nar Gölü
1754,0.042,0.033,"Woodbridge, Jessie, Ph.D. thesis, University of Plymouth ‘Late Holocene lake diatom-inferred palaeoclimate from central Turkey'. 2009",34.456106,38.340367,0.07500000000000001,Nar Gölü
1753,0.026,0.01,"Woodbridge, Jessie, Ph.D. thesis, University of Plymouth ‘Late Holocene lake diatom-inferred palaeoclimate from central Turkey'. 2009",34.456106,38.340367,0.036,Nar Gölü
1752,0.012,0.031,"Woodbridge, Jessie, Ph.D. thesis, University of Plymouth ‘Late Holocene lake diatom-inferred palaeoclimate from central Turkey'. 2009",34.456106,38.340367,0.043,Nar Gölü
1751,0.043,0.063,"Woodbridge, Jessie, Ph.D. thesis, University of Plymouth ‘Late Holocene lake diatom-inferred palaeoclimate from central Turkey'. 2009",34.456106,38.340367,0.106,Nar Gölü
1750,0.045,0.033,"Woodbridge, Jessie, Ph.D. thesis, University of Plymouth ‘Late Holocene lake diatom-inferred palaeoclimate from central Turkey'. 2009",34.456106,38.340367,0.078,Nar Gölü
1749,0.039,0.042,"Woodbridge, Jessie, Ph.D. thesis, University of Plymouth ‘Late Holocene lake diatom-inferred palaeoclimate from central Turkey'. 2009",34.456106,38.340367,0.081,Nar Gölü
1748,0.032,0.02,"Woodbridge, Jessie, Ph.D. thesis, University of Plymouth ‘Late Holocene lake diatom-inferred palaeoclimate from central Turkey'. 2009",34.456106,38.340367,0.052000000000000005,Nar Gölü
1747,0.008,0.027,"Woodbridge, Jessie, Ph.D. thesis, University of Plymouth ‘Late Holocene lake diatom-inferred palaeoclimate from central Turkey'. 2009",34.456106,38.340367,0.035,Nar Gölü
1746,0.039,0.037,"Woodbridge, Jessie, Ph.D. thesis, University of Plymouth ‘Late Holocene lake diatom-inferred palaeoclimate from central Turkey'. 2009",34.456106,38.340367,0.076,Nar Gölü
1745,0.059,0.027,"Woodbridge, Jessie, Ph.D. thesis, University of Plymouth ‘Late Holocene lake diatom-inferred palaeoclimate from central Turkey'. 2009",34.456106,38.340367,0.086,Nar Gölü
1744,0.057,0.039,"Woodbridge, Jessie, Ph.D. thesis, University of Plymouth ‘Late Holocene lake diatom-inferred palaeoclimate from central Turkey'. 2009",34.456106,38.340367,0.096,Nar Gölü
1743,0.024,0.03,"Woodbridge, Jessie, Ph.D. thesis, University of Plymouth ‘Late Holocene lake diatom-inferred palaeoclimate from central Turkey'. 2009",34.456106,38.340367,0.054,Nar Gölü
1742,0.041,0.032,"Woodbridge, Jessie, Ph.D. thesis, University of Plymouth ‘Late Holocene lake diatom-inferred palaeoclimate from central Turkey'. 2009",34.456106,38.340367,0.07300000000000001,Nar Gölü
1741,0.036,0.037,"Woodbridge, Jessie, Ph.D. thesis, University of Plymouth ‘Late Holocene lake diatom-inferred palaeoclimate from central Turkey'. 2009",34.456106,38.340367,0.073,Nar Gölü
1740,0.03,0.03,"Woodbridge, Jessie, Ph.D. thesis, University of Plymouth ‘Late Holocene lake diatom-inferred palaeoclimate from central Turkey'. 2009",34.456106,38.340367,0.06,Nar Gölü
1739,0.044,0.016,"Woodbridge, Jessie, Ph.D. thesis, University of Plymouth ‘Late Holocene lake diatom-inferred palaeoclimate from central Turkey'. 2009",34.456106,38.340367,0.06,Nar Gölü
1738,0.075,0.02,"Woodbridge, Jessie, Ph.D. thesis, University of Plymouth ‘Late Holocene lake diatom-inferred palaeoclimate from central Turkey'. 2009",34.456106,38.340367,0.095,Nar Gölü
1737,0.018,0,"Woodbridge, Jessie, Ph.D. thesis, University of Plymouth ‘Late Holocene lake diatom-inferred palaeoclimate from central Turkey'. 2009",34.456106,38.340367,0.018,Nar Gölü
1736,0.041,0.03,"Woodbridge, Jessie, Ph.D. thesis, University of Plymouth ‘Late Holocene lake diatom-inferred palaeoclimate from central Turkey'. 2009",34.456106,38.340367,0.07100000000000001,Nar Gölü
1735,0.03,0.02,"Woodbridge, Jessie, Ph.D. thesis, University of Plymouth ‘Late Holocene lake diatom-inferred palaeoclimate from central Turkey'. 2009",34.456106,38.340367,0.05,Nar Gölü
1734,0.059,0.021,"Woodbridge, Jessie, Ph.D. thesis, University of Plymouth ‘Late Holocene lake diatom-inferred palaeoclimate from central Turkey'. 2009",34.456106,38.340367,0.08,Nar Gölü
1733,0.044,0.023,"Woodbridge, Jessie, Ph.D. thesis, University of Plymouth ‘Late Holocene lake diatom-inferred palaeoclimate from central Turkey'. 2009",34.456106,38.340367,0.067,Nar Gölü
1732,0.031,0.022,"Woodbridge, Jessie, Ph.D. thesis, University of Plymouth ‘Late Holocene lake diatom-inferred palaeoclimate from central Turkey'. 2009",34.456106,38.340367,0.053,Nar Gölü
1731,0.05,0.033,"Woodbridge, Jessie, Ph.D. thesis, University of Plymouth ‘Late Holocene lake diatom-inferred palaeoclimate from central Turkey'. 2009",34.456106,38.340367,0.083,Nar Gölü
1730,0.029,0.024,"Woodbridge, Jessie, Ph.D. thesis, University of Plymouth ‘Late Holocene lake diatom-inferred palaeoclimate from central Turkey'. 2009",34.456106,38.340367,0.053000000000000005,Nar Gölü
1729,0.009,0.011,"Woodbridge, Jessie, Ph.D. thesis, University of Plymouth ‘Late Holocene lake diatom-inferred palaeoclimate from central Turkey'. 2009",34.456106,38.340367,0.019999999999999997,Nar Gölü
1728,0.015,0.021,"Woodbridge, Jessie, Ph.D. thesis, University of Plymouth ‘Late Holocene lake diatom-inferred palaeoclimate from central Turkey'. 2009",34.456106,38.340367,0.036000000000000004,Nar Gölü
1727,0.049,0.022,"Woodbridge, Jessie, Ph.D. thesis, University of Plymouth ‘Late Holocene lake diatom-inferred palaeoclimate from central Turkey'. 2009",34.456106,38.340367,0.07100000000000001,Nar Gölü
1726,0.024,0.071,"Woodbridge, Jessie, Ph.D. thesis, University of Plymouth ‘Late Holocene lake diatom-inferred palaeoclimate from central Turkey'. 2009",34.456106,38.340367,0.095,Nar Gölü
1725,0.026,0.022,"Woodbridge, Jessie, Ph.D. thesis, University of Plymouth ‘Late Holocene lake diatom-inferred palaeoclimate from central Turkey'. 2009",34.456106,38.340367,0.048,Nar Gölü
1724,0.037,0.028,"Woodbridge, Jessie, Ph.D. thesis, University of Plymouth ‘Late Holocene lake diatom-inferred palaeoclimate from central Turkey'. 2009",34.456106,38.340367,0.065,Nar Gölü
1723,0.034,0.023,"Woodbridge, Jessie, Ph.D. thesis, University of Plymouth ‘Late Holocene lake diatom-inferred palaeoclimate from central Turkey'. 2009",34.456106,38.340367,0.057,Nar Gölü
1722,0.052,0.017,"Woodbridge, Jessie, Ph.D. thesis, University of Plymouth ‘Late Holocene lake diatom-inferred palaeoclimate from central Turkey'. 2009",34.456106,38.340367,0.069,Nar Gölü
1721,0.031,0.035,"Woodbridge, Jessie, Ph.D. thesis, University of Plymouth ‘Late Holocene lake diatom-inferred palaeoclimate from central Turkey'. 2009",34.456106,38.340367,0.066,Nar Gölü
1720,0.042,0.01,"Woodbridge, Jessie, Ph.D. thesis, University of Plymouth ‘Late Holocene lake diatom-inferred palaeoclimate from central Turkey'. 2009",34.456106,38.340367,0.052000000000000005,Nar Gölü
1719,0.039,0.018,"Woodbridge, Jessie, Ph.D. thesis, University of Plymouth ‘Late Holocene lake diatom-inferred palaeoclimate from central Turkey'. 2009",34.456106,38.340367,0.056999999999999995,Nar Gölü
1718,0.015,0.023,"Woodbridge, Jessie, Ph.D. thesis, University of Plymouth ‘Late Holocene lake diatom-inferred palaeoclimate from central Turkey'. 2009",34.456106,38.340367,0.038,Nar Gölü
1717,0.003,0.017,"Woodbridge, Jessie, Ph.D. thesis, University of Plymouth ‘Late Holocene lake diatom-inferred palaeoclimate from central Turkey'. 2009",34.456106,38.340367,0.02,Nar Gölü
1716,0.043,0.017,"Woodbridge, Jessie, Ph.D. thesis, University of Plymouth ‘Late Holocene lake diatom-inferred palaeoclimate from central Turkey'. 2009",34.456106,38.340367,0.06,Nar Gölü
1715,0.036,0.015,"Woodbridge, Jessie, Ph.D. thesis, University of Plymouth ‘Late Holocene lake diatom-inferred palaeoclimate from central Turkey'. 2009",34.456106,38.340367,0.051,Nar Gölü
1714,0.033,0.027,"Woodbridge, Jessie, Ph.D. thesis, University of Plymouth ‘Late Holocene lake diatom-inferred palaeoclimate from central Turkey'. 2009",34.456106,38.340367,0.06,Nar Gölü
1713,0.038,0.022,"Woodbridge, Jessie, Ph.D. thesis, University of Plymouth ‘Late Holocene lake diatom-inferred palaeoclimate from central Turkey'. 2009",34.456106,38.340367,0.06,Nar Gölü
1712,0.021,0.015,"Woodbridge, Jessie, Ph.D. thesis, University of Plymouth ‘Late Holocene lake diatom-inferred palaeoclimate from central Turkey'. 2009",34.456106,38.340367,0.036000000000000004,Nar Gölü
1711,0.024,0.013,"Woodbridge, Jessie, Ph.D. thesis, University of Plymouth ‘Late Holocene lake diatom-inferred palaeoclimate from central Turkey'. 2009",34.456106,38.340367,0.037,Nar Gölü
1710,0.013,0.016,"Woodbridge, Jessie, Ph.D. thesis, University of Plymouth ‘Late Holocene lake diatom-inferred palaeoclimate from central Turkey'. 2009",34.456106,38.340367,0.028999999999999998,Nar Gölü
1709,0.047,0.015,"Woodbridge, Jessie, Ph.D. thesis, University of Plymouth ‘Late Holocene lake diatom-inferred palaeoclimate from central Turkey'. 2009",34.456106,38.340367,0.062,Nar Gölü
1708,0.025,0.02,"Woodbridge, Jessie, Ph.D. thesis, University of Plymouth ‘Late Holocene lake diatom-inferred palaeoclimate from central Turkey'. 2009",34.456106,38.340367,0.045,Nar Gölü
1707,0.04,0.023,"Woodbridge, Jessie, Ph.D. thesis, University of Plymouth ‘Late Holocene lake diatom-inferred palaeoclimate from central Turkey'. 2009",34.456106,38.340367,0.063,Nar Gölü
1706,0.034,0.026,"Woodbridge, Jessie, Ph.D. thesis, University of Plymouth ‘Late Holocene lake diatom-inferred palaeoclimate from central Turkey'. 2009",34.456106,38.340367,0.06,Nar Gölü
1705,0.038,0.022,"Woodbridge, Jessie, Ph.D. thesis, University of Plymouth ‘Late Holocene lake diatom-inferred palaeoclimate from central Turkey'. 2009",34.456106,38.340367,0.06,Nar Gölü
1704,0.02,0.032,"Woodbridge, Jessie, Ph.D. thesis, University of Plymouth ‘Late Holocene lake diatom-inferred palaeoclimate from central Turkey'. 2009",34.456106,38.340367,0.052000000000000005,Nar Gölü
1703,0.039,0.031,"Woodbridge, Jessie, Ph.D. thesis, University of Plymouth ‘Late Holocene lake diatom-inferred palaeoclimate from central Turkey'. 2009",34.456106,38.340367,0.07,Nar Gölü
1702,0.035,0.022,"Woodbridge, Jessie, Ph.D. thesis, University of Plymouth ‘Late Holocene lake diatom-inferred palaeoclimate from central Turkey'. 2009",34.456106,38.340367,0.057,Nar Gölü
1701,0.028,0.034,"Woodbridge, Jessie, Ph.D. thesis, University of Plymouth ‘Late Holocene lake diatom-inferred palaeoclimate from central Turkey'. 2009",34.456106,38.340367,0.062,Nar Gölü
1700,0.033,0.041,"Woodbridge, Jessie, Ph.D. thesis, University of Plymouth ‘Late Holocene lake diatom-inferred palaeoclimate from central Turkey'. 2009",34.456106,38.340367,0.07400000000000001,Nar Gölü
1699,0.04,0.048,"Woodbridge, Jessie, Ph.D. thesis, University of Plymouth ‘Late Holocene lake diatom-inferred palaeoclimate from central Turkey'. 2009",34.456106,38.340367,0.088,Nar Gölü
1698,0.03,0.054,"Woodbridge, Jessie, Ph.D. thesis, University of Plymouth ‘Late Holocene lake diatom-inferred palaeoclimate from central Turkey'. 2009",34.456106,38.340367,0.08399999999999999,Nar Gölü
1697,0.042,0.02,"Woodbridge, Jessie, Ph.D. thesis, University of Plymouth ‘Late Holocene lake diatom-inferred palaeoclimate from central Turkey'. 2009",34.456106,38.340367,0.062,Nar Gölü
